language,family,genus,pop,I,you,we,one,two,person,fish,dog,louse,tree,leaf,skin,blood,bone,horn,ear,eye,nose,tooth,tongue,knee,hand,breast,liver,drink,see,hear,die,come,sun,star,water,stone,fire,path,mountain,night,full,new,name
BEJA,AA,BEJA,1237000,anu,bErok,hanEn,Na,malob,tEk,aSab,oyas,tat,inib,lat,adeb,boy,mitat,dab-daXab,angil,lElit,gunuf,kirEt,midalab,0,ayEb,tutEb,tonkola7,goyE7,riyah,masu,iya7,E7a,yin,hayuk,yam,aweb,ne7et,sikab,rEbab,hawad,0,gEyib,sim
BEJA_2,AA,BEJA,1237000,ani,baruk-batuk,hanin,gar-gal,malo,ha,asa-ase,yas,tat,Sedar,baya,ada,boy,mi,da7,angwil,lili,genut,kos,midala-mida,gun-ma,ay,nug-nugwe,se,gu7,erh,masuw,yati,yit-i,yin-in,hayuk,yam,awe,n7a,lagi,reba,hawad,atab,ga,sim-sum
AYT_SEGHROUCHEN,AA,BERBER,2490000,0,0,0,idZ-ij,snat,bnadm,aslm,aidi,0,sZrt,0,aXidur,idamn,is,iS,amzuX,tit,tinzar,timst,ils,fud,fus,if,tsa,sw,zr,sl,mt,rad,tafuit,itri,aman,azru,timsi,abrid,lXari,Xyid,0,0,ism
AWJILAH,AA,BERBER,2000,n3k,ku,n3k3ni,iwinan,0,ar3gaz,0,gzin,tw3likt,0,t3l3biSt,glim,dimmen,axast,iSk,is3m,tit,tk3nzirt,asin,il3s,afud,afus,0,tisi,Su,ag3l,3s3l,mut,uS,tafut,0,imin,az3rg,awif,t3barut,0,ab3t,3tk3r,atrar,0
BENI_SNOUS_WESTERN_ALGERIAN_BERBER,AA,BERBER,1470000,N3C,S3k,n3Cnin,ij3n,8nay3n,0,asl3m,ay8i,8iSi8,s3Z3r8,lw3rq,il3m,i8am3n,iy3s,iS,8imj3t,8it7,8inz3r8,tixm3st,il3s,fud,fus,if3f,tsa,su,z73r,s3l,3m38,as3d,8fuy8,i8ri,aman,8awqi8,8imsi,abri8,a8rar,id7,Car,l3Zdi8,lis3m
FIGUIG,AA,BERBER,2490000,n3C,S3k,n3Sni,ij3n,s3n,bnad3m,asl3m,aydi,til3yt,0,lw3rq,il3m,idam3n,ix3s,aq3llux,tit,0,funz3r,tixm3s,il3s,fud,fus,bupu,tsa,s3w,mat3r,s3l,m3t,as,tfuyt,itri,aman,qabu,l7af3yt,abrid,asdrar,id,3mer,aZdid,t3sm3y3t
FOQAHA,AA,BERBER,-2016,n3ki,S3ki,n3keni,ig3n,s3n,0,0,edi,tirSit,0,t3frit,il3m,idam3n,ix3s,3lqurn,tm3zuxt,tit,tinz3rt,isin,il3s,afud,afus,0,tasan,asu,az3r,as3l,3m3t,us,tafukt,iri,aman,txaxit,temsi,tabarut,0,ayad,kar,trar,0
GHADAMES,AA,BERBER,12000,naS,Sag,nakanen,yon,s3n,iman,0,ede,tal3kt,tamdikt,t3fra,el3m,daman,xas,aSkaw,es3m,awal,t3nzart,asen,el3s,of3d,of3s,admar,tosa,asw,all3m,asl,amm3t,as,ese,iri,aman,er3j,ofa,abrid,adurar,ebad,3tkur,0,ism
GHADAMES_2,AA,BERBER,12000,neS,Seg,nekenin,yun,s3n,iman,ulisma,idi,tal3kt,temdikt,t3fra,il3m,demen,x3s,aSkaw,is3m,aw3l,t3nzart,asin,il3s,uf3d,uf3s,admaren,tusa,s3w,el3m-izelem,3sl,3m3t,as,isi,iri,aman,ir3g,ufa,abrid,adurar,ibed,etkur,0,ism
GHOMARA,AA,BERBER,10000,n3k,k3j,nucna,yan,zuZ,insan,amal3h,ayda,0,tagig3t,afraw,lZ3ld,a83m,ax3s,as3kaw,am3zux,tit,tax3nfurt,asan,il3s,afud,0,sd3r,l3fwad,su,zar,s3l,mu8,du,tafuct,n3Zma,aman,azru,l7afya,azr3f,adrar,lil,kar,Zdid,ism
JEBEL_NEFUSA,AA,BERBER,234000,0,0,0,ujun,sen,0,taXotit,yudi,0,0,0,uglim,idmn,ixas,aSaw,tmejit,tit,tinzert,sin,iles,0,ufes,bibiS,tusa,Esu,eSbaX,esel,emet,ased,tufut,tri,amEn,txoxot,tfawt,brid,drar,it,0,0,is3m
KABYLE,AA,BERBER,5586000,n3k,k3C,n3kni,yiw3n,sin,bnadem,asl3m,aydi,tilkit,0,if3r,aglim,idam3n,ix3s,iS,am3zux,tit,anzar3n,tuxm3st,il3s,ag3Srir,afus,idmar3n,tasa,s3w,wali,s3l,3m3t,as,itiZ,itri,aman,adxax,tim3s,abrid,adrar,id,aCaran,0,is3m
KABYLE_GREATER_KABYLIA_AT_MANGELLAT,AA,BERBER,5586000,n3k,c3C,n3kni,yiw3n,sin,lx3lq,asl3m-lhu8,ay8i,8ilkit,t3Zr7a,if3r,ajlim,i8am3n,ix3s,iS3w,am3z7ux,8it7,8inz3r8,8uxm3s8,il3s,afu8,0,8abbuS8,8asa,s3w,z73r-wali,s3l,m38,as,it7iZ,i8ri,aman,az7ru,8im3s,abri8,a8rar,i87,Car7,aZ8i8,is3m
NAFUSI,AA,BERBER,234000,n3C,S3k,n3C3n,ujun,s3n,bnad3m,3lhut,yudi,tilSit,l3sZar,3lw3rq,uglim,id3m3n,x3s,aSaw,tm3jit,tit,tinz3rt,sin,il3s,uf3d,uf3s,0,tusa,3su,3Sb3h,3s3l,3m3t,as,tufut,tri,aman,dxax,twaft,brid,drar,it,3Car,aZdid,l3s3m
OUARGLA_BERBER,AA,BERBER,20000,n3SS,S3kk,n3Snin,igg3n,s3n,takrumt,lXut,aydi,tillit,SS3Z3rt,tifrit,aglim,idamm3n,iX3s,aSSaw,tam3ZZit,tit7t7,tinz3rt,tiXm3st,il3s,fud,fus,iff,ca,s3w,z73r,s3ll,mm3t,as,tfit,itri,aman,adXaX,timsi,abrid,ag3rgub,id7,SSar7,aZdid,is3m
SENHAJA_DE_SRAIR,AA,BERBER,50000,n3k,k3j,nukni,iw3n,ZuZ,b3na83m,asl3m,ahar8an,8iSi8,s3Zra,afar,Z3ld,3d3m,ix3s,isk,am3zux,8i7,8inzar8,aqaruS,ils,afu8,afus,abiS,8asa,su,zar,s3l,3m38,as,8afuT8,i8ri,aman,azru,l7afya,iz3rf,a8rar,3lil,38kar,3ji8,is3m
SENHAYI,AA,BERBER,50000,0,0,0,iwn,ZuZ,bna8m,aslm,ahar8an,0,0,0,0,dm,is,isk,amzux,8it,8inzar8,8ims8,ils,afu8,afus,abiS,8asa,su,zar,sl,m8,0,8afuS8,i8ri,aman,azru,8imsi,izrf,0,0,0,0,ism
SIWA_BERBER,AA,BERBER,20000,niS,S3k,3nCni,3ZZ3n,s3n,at3rras,tism3kt,agurzni,talS3t,tiss3Zr3t,tw3r7q3t,il3m,idamm3n,ix3s7,aCCaw,tam3z7z7uxt,tit7t,tanzart,asen,il3s,fud,fus,if3f,ca,su,z73r,s3l,0,us3d,tfukt,iri,aman,txux3t,t3msi,3mm3s7r3b,adrar,it7,Cur,atrar,ism
SIWI,AA,BERBER,20000,niS-n3S,S3k,nini,3j3n,s3n,0,0,agurz3ni,talS3t,0,0,il3m,idam3n,ix3s,aCao,tam3zuht,t3t,tanart,asayn,il3s,fud,fus,ifef,ca,su,z3r,s3l,imut,us,tfukt,iri,aman,txox3t,t3msi,0,adrar,it,Cur,atrar,0
TAMAHAQ_TAHAGGART,AA,BERBER,77000,nak,kay,nakaned,iyan,3ssin,awadam,asulmay,eydi,tilik,aSek,afraw,alam,ahni,axas,is3k,tamazuk,tet,ti5har,esen,il3s,afud,afus,efaf,awsa,3s3w,3n3y,3s3l,amat,as,tafuk,atri,aman,tahunt,tim3s,abaraqa,adrar,ahad,adkar,iynay,is3m
TAMAHAQ_TAHAGGART_2,AA,BERBER,77000,n3k,kay,n3kanid,y3n-iyan,3sin,y3n,asulm3y,eydi,tilik,aS3k,afraw,el3m,ahni,ex3s,is3k,tam3zuk,tit,a5giur,sin3n,il3s,afud,afus,idmar3n,awsa,3su,3ni,3s3l,3m3t,as,tafuk,atri,aman,ablal,temse,abar3qa,adrar,ehod,3tk3r,inay,is3m
TAMAJEQ_TAYART_AIR,AA,BERBER,250000,nak7,kay,n3k3ni,3yan,3Sin,awedan,kifi,iji,C3lek,eSek,af7r3nk3t,elam,ezni,exas,is3k7,tand73r3k,C3t7,C3nZaren,eSen,il3s,3fud,3fus,efaf,tas7a,3Swu,3n73y,3slu,am7at,as7u,t3f7uk,atr7i,am7an,t3wint,temse,tar7ayt,adxax,ehad7,3k3r,iynay,is3n
TAMASHEQ,AA,BERBER,500000,nak,kay,nakaned7,iyan,3sin,awad3m,eman,edi,tilik,emaxt,efarket,elam,aSni,exas,is3k,tam3z7uk,tet7,tinSar,esen,il3s,3fud,3fus,efaf,awsa,3su,3nh3y,3s3l,amat,as,t3fuk,at3r,aman,t3hunt,efew,abarij,ad7xax,3had7,3dk3r,iynay,is3m
TAMAZIGHT_CENTRAL_ATLAS_AYT_IZDEG,AA,BERBER,2490000,nek,0,nukni,yun,sin,bnad3m,asl3m,iydi,taxuyt,axlij,if3r,ab3tan,idam3n,ixs,iS,am3zux,tit,anzar,tuym3st,ils,afud,afus,if,tasa,su,ini,isil,m3t,adu,tafuyt,itri,aman,azru,afa,abrid,a7ari,id,3m3r,uZdid,is3m
TAMAZIGHT_CENTRAL_ATLAS_AYT_NDHIR,AA,BERBER,2490000,n3k,S3g,nukni,yun,sin,b3na83m,asl3m,iy8i,8axuy8,axlij,8awriq8,ajlim,i8am3n,ixs7,iS,am3zux,8it7,8ijnzar,uxs,irs,afu8,afus,if,8asa,s3w,anay,s3l,m38,du,8afuS8,i8ri,aman,azr7u,l7afi8,abri8,Zb3l,i87,3m3r,uZ8i8,ism
TAMAZIGHT_CENTRAL_ATLAS_NTIFA,AA,BERBER,2490000,nki,kiy,nukni,yan,sin,0,aslm,aydi,tilit,SZrt,ifr,ilm,idamn,ixs,isk,amzux,tit7,inzr,tuxmst,ils,afud,afus,if,tasa,su,z7r,sl,mt,aSk,tafukt,itri,aman,azru,l7afit,abrid,adrar,id7,tkur,0,ism
TARIFIT_GUELAIA,AA,BERBER,1470000,n3S,S3k,n3Sin,iZ3n,8nay3n,bna83m,asr3m,aqzin,8iS3S8,s3Za8,8ifaS8,8irm3S8,i8am3n,ix3s,iS,am3Zun,8it7,8inza,8ixm3st,ir3s,fu8,fus,ib3S,8sa,su,wara,s3r,m38,as,8fuS8,i8ri,aman,az7ru,8im3si,abri8,a8ra,jir38,Sua,Z8i8,is3m
TARIFIT_BENI_IZNASSEN,AA,BERBER,1470000,n3C,S3k,n3Cin,ij3n,8nayen,bna83m,asl3m,ay8i,8iSic8,SZ3r,af3r,il3m,i8am3n,ix3s,iS,8im3Z3t,8it,inz3r,8ixm3s8,il3s,fu8,fus,ab3biS,8sa,s3w,z3r,s3l,m38,as,8fuyc8,i8ri,aman,azru,8im3si,abri8,a8rar,lil38,3m3r,g8i8,is3m
TASHELHIT_IDA_USEMLAL,AA,BERBER,3896000,nk,ky,nkni,yan,sin,bnadm,aslm,aydi,tilkit,SZr7t,afraw,ilm,idamn,ixs,isk,amz7ux,tit7,tinxrt,axs,ils,afud,afus,tabubat,tasa,su,z7r,sfld,mt,aSk,tafukt,itri,aman,tagunt,l7afit,axaras,adrar,ad7,ktur,leZdid,ism
TETSERRET,AA,BERBER,640000,nik,kig,n3k3ni,iwan,3Sin,afagan,0,ed,t3l3k,aSar,0,ilem,3dam3n,3z7,3sk,t3m3t73d,t3d7,tinZar,okS,3lS,awf3d,of3S,3fu,taSa,eS3b,az73r,0,matat,0,tawf3k,atri,aman,0,efu,tabarat,awud,ayad7,oz73d,0,0
TUMZABT,AA,BERBER,150000,n3S,n3C,n3Snin,ig3n,s3n,bnad3m,3lhut,aydi,tilit,3s3jr3t,tifrit,ajlim,idam3n,ix3s,aSaw,tam3zuxt,tit7,tinz3rt,tixm3st,il3s,fud,fus,if,tsa,s3w,z73r,s3l,3m3t,as,tfuyt,itri,aman,adxa,tfawt,abrid,awrir,id7,Sar,aZdid,is3m
WARGLA,AA,BERBER,20000,0,0,0,ign,sn,0,lXut,aidi,0,0,0,aglim,idamn,is,aSaw,tamZit,tit,tinzrt,timst,ils,0,fus,if,tsa,sw,zr,sl,mt,as,tfit,itri,aman,adxax,timsi,abrid,agrgub,id,0,0,ism
ZENAGA,AA,BERBER,2700,n37k,k3k,n3kni,yu7n,S3nan,3g8inad3m,tS3ym378,i8i7,0,aSa7r,a7yah,3y3m,38aman,37s37,t3skah,tamazgud,tud,tin8ar3n,oks37,oCS37,37f38,av37S,av3f37,ta7Sah,aSbe7,z37r,3grih,amih,aS37,t37f3kt,a8ar37,aman,t37rg3t,378383n,tawr3s,0,i8,a8u8,aynah,0
ZENAGA_2,AA,BERBER,2700,nik,kuk,n3kni,yu7u-3yu7n,Sinan,min,sijman,idi,t3l3kt,aSa7r,t3jburuxd,3j3m,d3m3n,ici,t3sken,tamazgud,tud,tinZ3r3n,uks,3Csi,o7fu,afuS,gurgar3n,ta7Sa,3Sbi,zar,gera,3mi,Sed,t37fukt,ed3ri,aman-am3n,ti7rg3t,ozun,tir3s,3rg3m,id,tufurt,3n3n-3y3n,eS3m
BIRAYLE,AA,BIRAYLE,10,ka,jana,jotabati,atkalbano,lamano,yoba,kara,xask3,Camija,hona,haSi,darbu,0,miCa,gasani,wowa,afa,sina,itima,odabo,gibila,i7i7a,ama,busa,jojau,yobi,aSa,kutip,ka7e,axaCo,busa,Cahawa,Coho,0,akamirota-kiti,gara,Xuo,nicina,aba,miSa
ONGOTA,AA,BIRAYLE,10,kata,janta-jama,juta,kalbano,lama,0,kara,qaske,camica,XanCa,XaSi,darbo,SoXo,miCa,0,wowa,afa,sina,itima,Xadaba,gibila,i7a,ama,tira,Ca7aw,yob,haS,baq-tib,e,aXaCo,Xizge,Ca7awa,Ca7a,oXoni,kiti,kuttunko,0,0,0,meSa
AFADE,AA,BIU-MANDARA,5000,duaN,ure,mufag,dipan,wagasi,0,ke,geleu,0,wahaN,0,0,0,0,0,teme,Ce,care,tare,inti,golnecece,tede,made,0,0,0,gasoNo,0,alu,ce,selage,hame,0,hu,ftulo,kaw,fade,0,0,0
BACAMA_MULYEN,AA,BIU-MANDARA,150000,0,0,0,hido,buk,ndoh,hurifi,kuda,jaNara,kadi,jiba,Sira,zamo,eli,bomo,l3m3gi,ditigi,Cinegi,linigi,gEnagi,dugagi,0,watigi,uresoti,sa,nan,fa,muto,Si,foto,gumla,koti,fura,duo,tuvo,moh,vudo,0,niNielo-noNielo,lum3Nin
BACAMA,AA,BIU-MANDARA,150000,0,0,0,hido,ke,bara,vak3y,sak3y,kulato,kada,Zuba,sulari,zamEy,ulEy,bom3y,kak3y,dito,Sine,lino,Zime,dugEy,0,bupto,roSey,saba,n3n,kulo,duwEy,Siy,furEy,tikulEy,habiy,fara-nzofara,diyEy,tuf3y,mEy,tukoto,0,wElEy-suwElEy,kak3y
BANA,AA,BIU-MANDARA,23000,0,agha,0,0,bak3-bak,nd3,k3lip3,k3ri,kaLikidi,f3,Ldiya,h3ni,mimi,iL3,t3lim3,L3m3,m3c3-mc3,kS3n,Lini,ghani,Sini,d3v3,wa,0,sa,na,fa,m3ti,s3k3,v3Ti-muku,sas3rkw3,0,hakw3,ghw3,kwal,d3lagwa,kw3Li,gad3-paf3,y3w3n,L3n
BATA_MALABU,AA,BIU-MANDARA,152500,0,0,0,hido,b3k,neo,0,k3d3i,0,kadi,jibi,0,ulo,0,0,limo,diti,Cine,0,Simo,n3,siko,wati,0,0,0,0,0,0,fatir,0,m3iye,fara,0,tuve,m3i,vido,0,0,0
BATA_ZUMU,AA,BIU-MANDARA,152500,no,iyo,hino,hido,b3k,no,0,kida,0,kadi,guda,0,bizo,0,0,limo,din,Cino,nincu,gEna,magirSo,dabadaba-siko,wacu,0,0,0,0,0,0,foto,0,koti,fira,0,t3vo,mo,vido,0,0,0
BAZZA,AA,BIU-MANDARA,300000,0,0,0,paL3w,bogu,ndu-wndu,k3l3po,k3rE,jangare,fo,Ltibili,pta,mimi,giLu,t3l3mo,L3m3,co,Ci,L3n3w,ane,g3Sini,0,ga,wno,suxu-savo,niyo,f3du,wto,sko,viCi,LaLurga,yEmi,p3rE,uxu,kaka,xumo,v3li,0,mirifi,Lti
BOGA,AA,BIU-MANDARA,10000,0,0,0,3rta,C3p,nifa,tina,x3da7a,j3N3r,3ft3,sow37a,pom3,f3ra,ala,muxomta,Limata,x3nita,xireNa,Landa,xanSuna,wedi,0,bubi,manat3,Sada,nedi,Simi,meri,bedi,fara,x3n3ra7a,ama,x3ngiya,x3t3,bana,Solat3,fidikt3,0,yiwak3n,Lima
BUDUMA,AA,BIU-MANDARA,54800,ndou-dau-do,na-nem,domu-danai,kete,ki,0,ki,keli,hate-kari,wanai,kalu,fou-Turgu-konda,Ti,hai,kami,homu,yil,Tinai,henai,telam,a5i-noNgurom-NgorumNgorum,yumai,koyei-boge,hoxinde,hi,me,haNge-hamai,mate,u,ayi,hilogu,kamai,kau,au,debel-turbo,kau,kenum,0,bilin,hemu
BURA,AA,BIU-MANDARA,250000,0,0,0,naN,suda,mda,k3lfa,kila,jankar,mfa-ucum,Lali,k3s3m,mamSi,daxu,LiLi,Lim,nCa,kuCir,xir,kEgEr,buni,0,u7a,mira,yimi,wuta,ngata,takur,si,pri,s3silka,xula,0,u7u,laku,pEla,viri,0,bilin,Lim
CIBAK,AA,BIU-MANDARA,200000,0,0,0,t3N-patu,sudE,nda,kulfa,kiya,gak3l,fE7,Lali,kuci,maSi,daxi,t3mbulE,L3ma,n3sa,kuc3r,xir,kanar-ka5ar,bunai,0,u7a,midE,cu,wuti,ngati,ni,si,c3ci,camiya,yimi,paya,zu7u,uawalE,paya,v3ri,0,b3lin,L3ma
CINENI,AA,BIU-MANDARA,3000,0,0,0,pala,buwa,wuda,k3l3te,x3da,CaCa,wofa-wulana,m3sa-m3san,ozuwa,viZa,LaLa,d3rawa,Limiya,giya,x3t3ra,Lirda,iraxa,xunja,0,wuba,irva,xuboka,naxakena,Cinakena,amsaya,sax3na,faCiya,kaLaLa,yuwa,kura,kara,ula,xuba,videya,0,d3lana,d3xa
CUVOK,AA,BIU-MANDARA,5000,yE,ka,ana-anako,0,ECEw,0,klEf,0,tEn3dEy,0,g3mLak,mal,bEmEZ,LaLar,drEm,L3may,nEy,h3taN,LEN,0,gurmEC,ha,rav,m3da,masay,mawalay,mECney,0,mEdEkEy,pas,mEn,yam,kEkEN,g3da-kokow,CivEy,wudam,vad,man3ha,waya,mEZElEy
DABA,AA,BIU-MANDARA,25000,0,0,0,t3k3n,s3r3y,hidi,kilif,x3za,m3rguC,wideN,vedit,bokula,bibiZ,geng3r38,fal3m,8imi,h3ra,miCin,niN,g3na,mitikiSem,0,wa,ninap,su,lima,8imi,muC,ya,piC,g3m8a,yim,wure,ku,kat3f,gugun,vudu,0,yiwun,8imi
DGHWEDE,AA,BIU-MANDARA,30000,TiTe,kaTa,mure,teke-titke,miTe,0,klfe,gde,0,ufa,0,vage,gza7a,LaLa,0,L3me,ne,xtire,Lire,raxe,giZe,dava,0,0,xuta,naga,Tana,mTa,sawa-sawsage,fiTe,0,yiwe,kire,kara,8ule-ule,0,va8e,0,0,yaxa
FALI_BAGIRA,AA,BIU-MANDARA,25000,0,0,0,tan,buk,mun3n,xirfun,xud3n,j3nkarun,fun,zugud3n,xucu7un,id3n3n,i8un,m3p3n,8imin,jin,Sinin,8iNin,gEnan,idun,0,wan,far3n,si,Nun,fiNa,mti,mi5a-Zi,fitun,tikisun,ma7in,far3n,gun,t3v3n,far3n,k3di,0,karak3n,zuna7
FALI_GILI,AA,BIU-MANDARA,300000,0,0,0,kutin-taN,bak,ndu,kurpi,k3ri,ka8uk3di,5EbEki-Soxu,kLtifi,xutub-xutubu,mimi,iLu,t3lemu,L3mu,mcux,kSin,Ltini,xani,Sini,0,ga,mini,saxo,naki,favi,mti,suki,v3Ci,sasur3ku,yam,xaku,xo,kal,xaku,v3rdi,0,w3r73rna-sa73r73rna,L3n
FALI_KIRIYA,AA,BIU-MANDARA,300000,0,0,0,gutan-tan3y,buku7,mdu-wmdu,kurupu7,kuri,taNudi,fu7,Cikifu,tuwu,mimi,yiLu7,turumu7,L3mu,nCi,Sinu7,Le,Nanu7,kumenS3n,0,u7a,0,sa-saxu,nanu,fatu7,wNi,sku,v3Ci,sas3nuka,yam-yamu,piri,uxu,kal-kalu,xum,vule,0,rifu,L3m-L3mu
FALI_MUCHELLA,AA,BIU-MANDARA,25000,0,0,0,tEn-arm3,bek-buk,munu,xirfu,xuda,jaN3ra,fu,ba,xusu7u,idunu,i8u-i8un,mapa,8imu,gi,Sinu,8iNyi,gEna,idun-idu,0,w3n-wa,but3mixi,si,nuNa,fi,miki,Si-S,fitu,xurELiya,ma7i,fara-faran,gu-gun,tuvu,mun-mu,vudu,0,karaku,8imu
FUTU,AA,BIU-MANDARA,300000,0,0,0,t3xuy,baxu-baku,mdi,kulupu,kure,wcunumci,fu,Ltik3v3ri,pta,mime,iLa,turmu,L3mu,nsi,nCi,Lunu,x3ni,x3Sini,0,go7,wni-mni,saxo,nEgi,fatu,mto,sko,v3Ci,tac3rga,yEmi,p3re,xi,kagucu,p3re,vidi,0,k3rpa,Li
GAANDA_GABIN,AA,BIU-MANDARA,43000,0,0,0,h3rta,s3ri,nefe,yirfe,yide,j3N3r,kaLa,Se7e,b3rf3t3,fere,ele,mo7omda,Limata,wEnite,xaXaya,Lene,senute,wede,0,bibe,m3na73ta,si,ni,s3ki,m3ri,bik3di,f3rta,w3n3ra,yeme,dekini,w3t3,mana,gele,wita,0,yuw3t373n,Lime
GAANDA,AA,BIU-MANDARA,43000,0,0,0,arta,suri,nefa,yirfa,ida,CaNar,d3fta,Se7a,fiya,fera,ela,bo7umda,Limata,wenita,xureya,Lena,w3nSEnoto,weda,0,biba,m3n3ta,s3n,ani,Siki,3mEri,a,f3rta,w3n3ra,yema,w3na,w3ta,bana,dekina,wita,0,yiw3dan,Lima
GAVA,AA,BIU-MANDARA,55900,0,0,0,kek-kit3kula,mic-mica,wuda,kilifa,xuda,cica,ufa,Lima,vixa,v3Za,L3La,durawa,Lima,diya,xut3ra,Lida,ira,gica,0,wuba,8ica,a,nugacina,cunacina,mc3gana,saxa,f3ciya,k3838a,yiwa,kura-gila,kara,dula,xuba,vidiya,0,wuliw3na,daxa
GHYE,AA,BIU-MANDARA,300000,0,0,0,pa8E-tanE,bagE,mdi,kulubi,kure,wsurumsi,fE-wCi,Lug3y,pta-wta,mimiye-m3miye,gigE,turumE,L3me,ncE,nCi,L3nE,xanE,xuSini,0,ga,na,sEgi,nag3y,fatEy,mtE,sug3y,fuZi,c3curga,nEmE-5EmE,nare-p3re,uxi-xi,kica,p3re,fidi,0,0,LtE
GIDAR,AA,BIU-MANDARA,65700,n3,k3,m3,taka,sula,d3f,0,kra,0,manwaya-wulaNga,0,g3ba,0,leNleN,moho,l3ma,ara,miNkin,0,0,takpra,va,makra,0,3sa,ula,p3rm,ma,3za,paya,t3N,inkile,0,ofo,0,0,d3fd3,0,d3fda,iya
GLAVDA,AA,BIU-MANDARA,31300,0,0,0,pala-kika,buwa,uda,kilfa,xuga,CaCa,ufa,ximi,x3zuwa-x3luwa,avza,LaLa,durawa,ximiya-ximiyaxa,giya-giyaxa,xutura,L3rda,arexa,xunja,0,uba,ura,x3bu,nuxa,CiNa,mca,suxa,faCiya,ka8a8a,iwa,akura-gila,kara,dula,xa,zavuda,0,dala,daga
GUDE,AA,BIU-MANDARA,88000,0,0,0,tan,bray-bra,nda,xurfin,3da,juNara,uNfa,ba7,kuvu7un,idina,ila,mapa,limin,gin,Sin37,liNin,g3na,ida,0,wan,vurSin,Si,nEi,fi,Ni,Si,gad3gi-usura,t3kisa,ma7in,fara,gun,ruga,giNa,vuda-davuda,0,kuraki,l3ma
GUDU,AA,BIU-MANDARA,5000,0,0,0,j3N,bEk,m3nu,hirfi,hida,j3Nar,kadaSi7u,rwadu,fo,m3mSi,gire,njEb,Lim,di,Cin,lin,gana,udidi,0,waCi,wurSi,icim3sa,duba,lin,ru,mataSi,fo3tu,giLu,5a,momoci,du,tEvi,momo,v3it,0,kEsum,lim
HDI,AA,BIU-MANDARA,29000,yu,0,N3ni,tekw,his,0,k3lipi,k3ri,cici,fu,suhwa,huta,us,gucif,duli,s3m3N,iri,h3ciN,si7iN,ganik,karam,c3vu,u7a,m3nak,0,n3gay,0,m3tay,sawi,fitik,takwaca,imi,pala,0,0,gwa,gar3vidik,0,0,h3gu
HILDI,AA,BIU-MANDARA,135000,0,0,0,ZaNuw-tayu,m3Lu-s3dayu,ndu,kalfi,xa,jakar3w,wu,xali,CiCi,maSi,dixi,t3l3mu,ximi,li,Ciru,xiru,karu,wuni,0,u7a,mulu-mula,saxur,la,Na,t3w,Si,puCi,SaSilg3,yimi,cuka,u7u,lagu,maw,vu7i,0,mafil3Nu,L3mu
HOLMA,AA,BIU-MANDARA,-1,0,0,0,hidE,b3k,minE,0,yaNa,0,kadin,gudan,0,bizEn,0,0,kEkodEn,din,Cinin,lin,gEnan,magilSEn,dabadaban,unEc3,0,0,0,0,0,0,fEtEn,0,bEtin,kakin,0,tuvEn,matufokEn,na,0,0,0
HUBA,AA,BIU-MANDARA,306000,0,0,0,ZaNu,mELu,ndu,kalfi,heya,jakar,wa,heli,Ci,maSi,dihi,tilim,himi,li,Cir,hir,kEr,uni,0,wa,mila,sa,la,Na,ati,Sil,p3Ci,sasilga,biti,haNu,hu7u,laku,ma7,vu7i,0,bilin,elEm
HWANA,AA,BIU-MANDARA,32000,0,0,0,tital,suxuri,nifa,t3na,wude,CaNar,d3fura,Se,pama,fara,ala,b3wNda-b3uNda,Limara,yiv3,xuriyENa,Lana,SEnewura,w3dira,0,be,m3nara,sa,nad3n,sukd3n,mur,bad3ba,fara,ufuluNara,ama,fEr3,wara,k3mana,wumd3,f3dira,0,wErin,L3m3
JIMI_CAMEROON,AA,BIU-MANDARA,3500,0,0,0,tEn,bik3,0,xirif3n-xrif3n,x3ddan,TaNjara,fun,ban,kuvu7un,idin3n,il3n,mapan,lim3n,jin,Sin3n,li53n,gonon,0,Cin,wan,0,si,niNgan,fi,mitE,Se,fit3n,0,ma7in,0,gun,tav3n,0,v3d3n,0,0,lim3n-lZimE
JINA,AA,BIU-MANDARA,1500,na,k3-t3,ma,tya,Cu,mamala,h3lf3,hari,nasi,mafu,0,suva,nC3k3,asas3,0,s3m,iri,hiskini,sin,anis3,tagi,f3na,faw,0,sya,fina,s3ma,mara,0,avaCa,Caraki,ami,kaNkara,afa,darba,hin,l3vin,0,haraba,s3m
KAMALE,AA,BIU-MANDARA,300000,0,0,0,tanE-kutanE,bakE,wuni,kulupE,kurE,tENude,ufE,L3kE,xuta,mimi,i7E,turmE,L3m3y,nci,nSi,L3nE,xani,xaSinE,0,uga,munE,saku-sExu,nakE,fa,mtE,sE,v3Ci,s3surga,yEmi,purE,xi,xuka,xumE,vidi,0,kat3La,Li
KILBA,AA,BIU-MANDARA,306000,naya,naka,nam3n,ZaN,m3Lu,0,kalfi,x3ya,0,wa,0,Ci,maSi,8ixi,0,ximi,li,Cir,xir,Tar,udi,Ci,0,0,sa,la,Ngati,ta,Sili,p3Ci,0,biti,xaNgu,hu7u,laku,0,vu7i,0,0,L3m
LAGWAN,AA,BIU-MANDARA,10000,0,0,0,tu-bal,sa,0,ki7i,k3le,mas3,Xod3ga,maLXahe,za,Xi,aLe,kasu,Lim-Limi,s3,X3ni,Lini-Lan,ni,ni-ne,Lad3-kil,iwaye,Xanten,se,ga,L3na,mi,lo,s3,s3lk3-s3lk3n,am,Nkuni-Nkudu,fu,zalan-zevelo,Nkuni-Nkudu,vade,0,Xakien,Lemi
LAMANG_HITKALANCHI,AA,BIU-MANDARA,40000,iyo-i,0,naniya,0,0,0,0,kri,caca,ufu,baya-baya,xuta,ub3si,ghucifi,duli,s3m3N,ili,xcini,tl3diny,0,k3rmi,c3va-cevo,dig3n,0,0,ngh,s3n,mi,s,0,0,0,palaka,0,0,ghwa,vidi,0,0,z3ra-z3ri
MADA_CAMEROON,AA,BIU-MANDARA,17000,n,nokw,emne,ftek-efteka,sla,mbiyez-mbyez,klef,kra,etet,dde8,lme,ambal,emez,alal,dram,lme,ire,hndEr,alar,arra-3rra,hEdEdEm,ahal,gwva-mohrov-amo,Egwver,ese,eteN-epeN,eTeN,amat,awa-adara-odoro-amawa,fat,mawa8awa8a,yam,okkwar,okkwo,bartala,amwa-umwa,ar3vvad-ara,bembem,ewwe-iwwe,lme
MAFA,AA,BIU-MANDARA,214910,0,0,0,stad,Caw,nowa,klef,kid3,Nudukuday,wuf,vax,xuted,pomaC,vatax,drom,L3mad,di,x3can,LEnE,nEnE,disak,0,wa-uwa,m3nad,siy3,ark3,ac3n3,amcayi,Ski,pac,banay,iyam-yam,ka7,voga7,CivEd,ca,vad,0,ba7a,nL3mad
MAKARY_KOTOKO,AA,BIU-MANDARA,16000,u-don,g3-k3n,m,nte-pal-te,ansi-gasi,alg3,kio,k3lew,tas3,si,Simu,k3ri,ski,enSi,lagan,Simu,s3,hasan,San,enSi,golens3,Se,sobia,Sumbu,se,nd3-nte,Sin,ji,lu,s3,s3lg3,ame,kaw-mSo,fu,tolu,kaw-bidi,fade,k7waSi-per,mblin,Simu
MALGBE,AA,BIU-MANDARA,6000,duaN,g3N,mo,ente,ea,0,gi,gleo,0,hine,0,0,0,0,0,teme,el,skeN,tir,intir,0,tede,fne,0,uyi,N3,0,mad3,lu,se,yilg3,am,yara,u,0,0,fade,0,0,0
MARGI,AA,BIU-MANDARA,135000,0,0,0,taN-paLu,m3Lu-sidaN,mdu,kifi,xa,j3Nar,wu,iLali,mCi,mamCi,dixi,t3l3m,Limi,li,mCir,xir,k3r,wuni,0,u7a,m3l,a,wulEru,Nar,mtu,waz3gu,b3Ci,Sasilga,yimi-imi,ns3ka,u7u,lagu,Nu,vi7i,0,bilin,Lim
MBARA,AA,BIU-MANDARA,1000,mi,ki,mu,kitay-dow,mok,0,0,0,0,0,0,0,0,NgiL,0,Lumo,re,0,siN,naLay,muguri,se,0,tataday,si,0,Lini,midiN,0,futay,0,am,0,hu,0,0,0,0,0,0
MBUKO,AA,BIU-MANDARA,15000,na,ka,ma,k3rtek,Tew,do,zlaNar-k3lef,k3lfuro-k3la,t3k3Te,se,daslam,guta-zlay,mez,k3lakasl,b3t3btab-l3kam,sl3may,ide,Ten,slan,miresl,g3rmeT,alay,mbaT,mivel,sa,Ta,sl3ne,maT,nay-Na,paT,mawazlawazl,a7am,m3dire-kon,ruweT-uko,buwal,b3zlom,l3von,duN3roh,wiya,sl3may
MOFU_GUDUR,AA,BIU-MANDARA,90000,ya-yah,ka-kah,alakwa,pal,Cew,ndaw,awet,g3dey,tende,wudez,gwaLaf,ambal,mambaz,teteL,d3ram,L3may,dey,heter,Ler,73rne-d3rne,mereNgwes,har-hahar,dadak-rav,mevel,mesey,men3key,meC3ney-meC3ndey,mem3Cey,masawa,pas,wurLa,yam,aNgwa,awaw,C3ved,aNgwa,tavad,paf,mawuya-mam3lka,mez3ley
MOLOKO,AA,BIU-MANDARA,8500,na-n3,ka-k3,mo-mu,0,0,miZE,klEf-kilEf-k3lEf,kra-k3ra,CECE,CimCEm,0,hambar,pEmbEZ,0,mogom,l3may,alE-ElE,0,0,0,hrdidEm-h3rdidEm-hirdidEm,ahar,duwa,0,SE,miminZErE-mnzar-mnacar,CEn-CE,mat,dokay,fat,0,yam,vEr,ako,CivEd,b3rLaN,lvaN-l3vaN,r3h-rah,0,0
MSER,AA,BIU-MANDARA,500,0,0,0,0,0,0,kiy,kere,0,siyer,0,0,0,0,0,sim,saka,siN,sani,liza,msegi,si,felami,0,0,0,0,0,0,kasa,mawsa,ame,0,ahu,cafera,fena,waske,0,0,0
MUNJUK,AA,BIU-MANDARA,164400,ta-m3-Na,tuku-k3-ku,tumu-mu,day-daw-k3tay,sulu,dif,hilif,hirge,N3rsa,luwuN,sl3mani,am3r,fel,keslke,miyok,slime,aray,merfeN,sisiyen,ales-alsiy,kurnay,tiy,d3d3k,asleslet,si-sa,sidi-s3da-tili-tala,slini-sl3na,miri-m3ra,hilisi-halasi,f3tiy,mezlek,yem,0,afu,f3tiy,huwuN,d3v3k,vi-va,hehe-hahay,yiki
MUSGU_B,AA,BIU-MANDARA,164400,mu-ma,ki,0,kate,Cilo,dip,helif,kirgigi,0,luwuN,0,0,0,0,0,Simme,arai,hanCiN,susin,alXi,were,ta,tiddega,0,Canga-Ce,slaNa,sena,0,allusi,feti,baNgai,jem-yem,0,afu,futi,funi,defo,0,0,0
MUSGU_D_PLUS_RD,AA,BIU-MANDARA,164400,0,ki,0,daya-dega-dai,colo-hudyu,adif-populo,tum-helif-tede,hirge-ira,0,alwoN-luN,0,0,0,0,omok,sumo-samagu,are-arai,miXutina-marpugu-merfin,SiNSiN-sisiN,nisugu,0,tiriNta-feruNu,anum-belhe-dedega-hegu,0,resa-yamu,0,0,miri,gizi,gufti-feti-fasa,baNge-trgageia,yem-yumu,alifuni,afo-aku,futi,heidi,dufo-ndufuk-nufur,avu,0,0
MUSGU_K,AA,BIU-MANDARA,164400,tanu-mutan-m,ku-ka-ki-gi-ge-tukunu-kutukunu,ti-titi-mi-miti,kedai-ketai,silu,dif,helif,herge-hergenaus,dagadarai,luN-lu3N,kokoX,amir-amr,fel,keXke,moho-tatakalu,Xime,arai,merfen,SeSieN,elesi-alesi,0,ti-tuku,anem,0,sa,sedaN-zetaN-setaN-zedaN,Xena-lgie,mara,kasa-gaza-ga-halasi,feti-futi,meXen-meXeXen,yem,kiri-kirid-krid,afu,fiti,huN-hu3N,dufog,0,hehe,aika
MUSGU_O,AA,BIU-MANDARA,164400,mu-ma,0,0,kete,tSulo,wus,hilif,hirge,0,luN,0,suksa,fel,kiske,0,simme,arai,Cunge,SiN,alasi,0,ta,didiga,0,sando,0,0,0,gsa-alasi,0,daNgai,yem,0,afu,fitti,fune,difir,0,0,0
MUSGU_R,AA,BIU-MANDARA,164400,ta-matta-m-me-mi-mo,kuttugu,0,dai,solu,dif-adif-us,helf,hergige-herge,taktare,lun,sugai,amur-sugugudaCini,fil,0,amiau,timma-timku,areku,anCuneku,sinsiNku-SeSieN,ilisku-aliS-alesi,NguNgore,urniteni-ti,dedduku,etteltel,0,0,0,mre,halaSi,futi-grftila,mediN-baNgai,iym,funni,afu,taftida-amamagalla,fukni,diffuk-diffu,afalai,anagobina,0
MUYANG,AA,BIU-MANDARA,30000,0,nak,lele,biliN,Cu,0,kilif,kra-k3ra,0,0,0,amb3l,mimiZ,0,EdrEm,Limi,eri,0,0,0,0,axar,duwa,0,miSi,0,0,mt,ra,fat,0,yam,0,ako,0,x3ma,0,0,0,Limi
NGGWAHYI,AA,BIU-MANDARA,2000,0,0,0,t3N,sida,na,kulfu,kuya,j3N3r,fa,Lara,k3s3m,maSi,d3hi,t3mb3l,Lim,ca,kiCir,hir,k3ngEr,w3Ni,0,u7a,mida,jisa,wuta,ng3ta,k3ni,si,Ci,t3miya,yimi,p3ya,u7u,laku,p3ya,viri,0,birin,Lim
NKAFA,AA,BIU-MANDARA,300000,0,0,0,paLE-kute,bage,mdi,k3l3pE,k3rE,curumsi,fE,Ltib3ri,pta,mimi,giLE,tur3mi,L3mE,ncE,nSi-nCi,LinE,hane,Sini,0,ga,mnE,sExi,nata,fatE,mtE,sk3y,v3Ci,sEsurge,yEmi,purE,xi,xunka,mE,vurE,0,m3r3fi,Li
NZANYI,AA,BIU-MANDARA,86000,0,0,0,hide,buk,m3dE,wurfi,y3Na-y3Nba,j3nk3ri,fo,g3s3,kuvo,biz3,kurobE,bomi,lek3di,di,CinE,line,gEna,mag3rSE,0,unECi,hureseCi,huCuN,nah3n-mnah3n,mfa,mute,h3Ci,f3te,g3mleki,mi7i,ko7o,duwu,ruga,kuromo,v3de,0,sekurokuro,lekudi
PODOKO,AA,BIU-MANDARA,30000,ya,ka,ma,diya-taNa,s3ra,m3nda-nene,k3l3fe,k3da,C3Ce,nafa,zl3baha,g3c3wa-dala,muza,slasla,d3rawa,sl3ma,de,f3t3ra,slira-humb3ta,r3d3da,0,hara,war3va-zuva-b3b3de,mb3dala,sa,dasl3-naka,c3na,m3Ce-r3wa,Ce-mber3Ce,waday3ya-paca,0,y3wa,kura,kara,t3ve,caN3,v3da,m3n3k3ka,biwa,bawi
PROTO_BIU-MANDARA,AA,BIU-MANDARA,-2,0,0,0,0,s3x3r,m3d3w,k3r3f,k3ra,0,xaf,L3max,x3ta,xamaz,g3La,d3ram,L3may,ce-d3ray,x3c3n,L3din,xanax,0,ci-c3vu,d3wax,0,s,nax,0,m3t,s,x3pac,0,yam,0,daka,t3vi,0,x3vad,0,0,L3may-z3r
PSIKYE,AA,BIU-MANDARA,52500,Ta,na,bumu-gebumu,kw3tEN,bak,wunu,kelepe,klEketi,0,wufe,0,xeta,0,0,0,0,nSi,0,tene,0,0,deve,0,0,0,tenewe,fa,me,se,0,sasurga,yEmu,pelE,gwu,0,0,xE-vidi,vidi,mEnEfE,0
PUTAI,AA,BIU-MANDARA,50,0,0,0,duku-t3N,suda-f3dE,mda-mdE,kulfa,kiya,j3N3r-j3nk3r,fE-3mEku,Lali-Lari,kuCi-kuCE,muNZi-muyi,daxi-d3gSi,t3m3l-tum3l,L3m,nja-njE,pC3r-mCir,S3r-Sir,ku5adu-t35a,wuni-k3rigE,0,wa-uwa,mida-mid3g3,sa,wula-j3wre,N3di-Nadi,mtE-mta,si,b3ji,Camiya-C3miya,yimi,jiga-peya7imi,a7u,laku-l3ku,paga-p3ya,anvu7i-3Nvi7i,0,bilin-b3rin,L3m-Lim3g3
SHARWA,AA,BIU-MANDARA,5100,0,0,0,ruma7,soru7,0,korefe,hadda,Tankara,fog3,ba,bog3re,Edene,Ele,pine,lZime,dE,Cine,ile,gana,0,CivE,waka,0,sa,duban,fa,m3t3,Si,fEtE,0,ma7ye,0,kukE,tuve,0,v3d3k3,0,0,lZime
SUKUR,AA,BIU-MANDARA,14800,0,0,0,kili,bak,mu,0,kira,0,Siku,dui,0,mumus,0,0,lim3i,is,Sin,0,ganai,kirim,xut,wa,0,0,0,0,0,0,pis,0,yiam,iyim,0,Cive,Na,v3t,0,0,0
TERA_PIDLIMDI,AA,BIU-MANDARA,101000,0,0,0,3rd3,rap,n3fu,hirivi,ida,j3N3rti,g3fa,low3s,k3zimdi,v3r,g3L,domdi,8imdi,idi,h3dandi,8ini,heyEni,kurguL,0,bibi,m3nam3na,za,na,tiki,m3di,ba,f3da,Sir3ni,jim,nokti,w3ti,murvi,8eNni,viditi,0,miwak3di,lim
TERA,AA,BIU-MANDARA,101000,Na,to,tem-temi,da,rap,0,yurvu,yi8a,0,g3fa,0,k3z3m,tom,g3L,0,L3m,yiti,x3n,Lin,xena,purum-xuLukti,xar,0,0,za,na,t3ki,m38i,ba,f38a,0,Tim,nogu,bay,n3va,0,vi8ki,0,0,L3m
TSUVAN,AA,BIU-MANDARA,2300,0,0,0,n3m3n,h3la,0,wulfE7,hodda,TaNkara,fEgE,aba,buglE,3ddenE,ilZE,apinE7,lZimE7,adinE,amiCinE,lZine,agana,0,CuvE,wak3n,0,sa7,man3n,lZuman3n,za,Sin,fEtE7,0,agyE7,0,gulkE,t3vE,0,v3dE,0,0,lZimE
VAME,AA,BIU-MANDARA,8500,3N,k3,ma,bile,cew,du,kucedek,k3la,0,m3man,0,ambar-amb3r,0,0,guNgunak,0,aray,0,slahan,0,0,alay,digindigin,0,sa-sika,ca,s3n,m3c,nay,apas,0,ahwam,titileN,akwa,ciba,0,luv3d,0,0,sl3may
VEMGO_MABAS,AA,BIU-MANDARA,11000,0,0,0,0,0,wundu,0,kirE,0,ucu,Lwa,0,uus-ubis,0,0,Limin,iri,xcin,Liin-Lidin,nExEk,karim,papa,wuXwa-wuXba,0,0,0,0,0,0,fit3k-fiti,0,imi,palak,0,jivi,xwa,irvid3k,0,0,0
WAMDIU,AA,BIU-MANDARA,135000,0,0,0,z3mu-t3Nu,m3Lu,n3w,kalfi,xa,j3Nar,wu,xEli,ci,maSi,dixi,t3l3m,ximi,li,c3r,xir,kEru,wuni,0,u7a,m3la,sa,c3miya,Nari,t3w,an3w,p3Ci,SaSilga,imi,cuka,u7u,lagu,m3w,vu7i,0,maf3l3Nu,L3mo
WANDALA,AA,BIU-MANDARA,43500,0,0,0,p3le,buwa-muwa,ura,kulfe,k3re,CaCa,n3fa,g35e,goga,uwZe,xExe,durma,xima,iCe,uktari,Lare,nara,ugje,0,uba,mokfokfa,So,n3na-an3na,Cin3nCina,mc3mca,s3msa,v3Ciya,turxEka,yewe,ugc3,kara,uNule,n3ka,v3giya-vo7iya,0,d3wale,Zire
WUZLAM,AA,BIU-MANDARA,10500,nay,nak,alem,0,ciyo,asla,k3lif,k3ra,cece,ginaN,sl3minaN,amb3l,amiz,aslasl,amb3kam,sl3may,aray,0,aslar,maro,d3d3m,ahar,gulo,kuv3r,0,daray,cineN,m3t,wara,fat,m3rzla,yam,akwar,aku,meltivi,wudo,wulam,peslesliya,awehe,0
ZIZILIVAKAN,AA,BIU-MANDARA,6200,0,0,0,lim,sul,mdi,xurfu,xud3,tini,fuwi,baN,xuCuwi,mamzi,va,mEmu,83m3n,j3n,s35u-s3nu,8iNyu,g3na,idin-idi,0,gakun,kakur8iyin,se,xa,fe,mCi,Si,fiti,xuraLumuku,yimu,fala,guku,luga,mi,v3di,0,mafuraN3nug,83mu
ZULGO,AA,BIU-MANDARA,26000,ya,ka,kwa-akwa-ma-ama,0,sula,mburma,kilif,k3ra,atecic-masun,dizl,slambah,bagwa-kwiye,m3mb3z,atasl,cicikw-virisl,zl3m,are,hitir,zlir,arah,gwirmic,0,g3zl3N,kivir,sa-sl3ba,f3r-Ngat-Ngatar-p3r,0,m3t,dara,pat,mawusawus,wusa-yam,beliN-kur,akwa,barama,kwite,h3v3d,0,cwid,zl3m
AWNGI,AA,CENTRAL_CUSHITIC,489000,an-ani,3nt-3nti,3noji,3mp3l-laxu,laNa,aqi,asi,g3seN,yinti,kani,xaci,ay,b3ri,Nac,jenj,3nkoxi,3l,3san,3rki,caN,g3r3b,taf,ang,dolet,z3q,kant,3nkox-3nkax,k3r,ant-yint,0,bewa,axu,kar3N,leg,dad,kan,xar,wox,3skawi,s3m
AWNGI_2,AA,CENTRAL_CUSHITIC,489000,an,3n,3noji,laxu,laNa,ayi,asi,gseN,yini,kani,xuci,ay,b3ri,Nac,jen,3nkoxi,3l,3san,3rki,caN,gulvi,taf,ang,gubEt,z3q,kan,inkox,k3r,an,awa,bewa,axu,kar3N,leg,dad,kan,xar,0,3skawi,s3m
BILIN,AA,CENTRAL_CUSHITIC,120000,En-an,3nta,y3n,lax-lari,lENa,3xir,asa-Xasa,g3d3N,b3ta,kana,ESa,axa-XarEm,b3r,naS,gix,3nka,X3l,k3mba,3rk,lanki,g3rb,nan,3ngi,sanki,j37,kal,was,k3r,3ntEr,kara,S3ng3ra,Xak-ak,k3rNa,lExa,gug,gira,kir,3ntax,0,S3N
BILIN_2,AA,CENTRAL_CUSHITIC,120000,an,3ni,yin,lax,leNa,g3ra,Xasa,g3d3N,b3ta,kana,aSE,axa,b3r,naS,gix,3nkuwa,X3l,kuma,3nki,lanki,0,nan,g3t3b,gEduk,j37ux,qalox,wasox,k3rux,3nux,kara,Sing3ra,awko,k3r3Na,laxa,dErib,gira,keyir,0,Xadis,suN
KEMANT,AA,CENTRAL_CUSHITIC,1650,an,3nt3,andiw-aniw,laxa-lEy,liNa,ir-yir,asa,g3z3N,b3ta,zaf-kana,aSa,kErbEy,b3r,naS-NaS,gi,3nx3,y3l,x3mba,3rk3,lan3,g3rb3,nan,3ng3,sani,jax,xal,was,kid3z-fiw,t3y-t3w,kara,S3ng3ra,ax,k3rNa,wEz3N,gEra-gaz,d3ba-gEta,xir-xer,tax,azi,S3N
KEMANT_2,AA,CENTRAL_CUSHITIC,1650,an,inE,aneo,lawa,liNa,yir,asa,giziN,b3ta,kana,k3tEl,koreve,bir,at3n,kEn,uno,il,huma,3rku,m3las,g3r3b,nan,3ngu,gozgu,jaxow,nixana,wasox,kio,tEw,kwara,0,axo,kErna,w3zin,goro,tErara,xir,0,Sayax,sunN
PROTO_AGAW,AA,CENTRAL_CUSHITIC,-2,En-an,3nt-k3,3n,lax-la,lENa-laNa,0,asa,g3z3N-g3zEN,0,kan,xac,axa,b3r,Nac,0,3nq,3l,q3mb-3s3n,3rk,0,g3rb,0,3ng-ang,0,Z3q-Zaq,0,0,k3t,3nt,0,0,aq,k3rN-karN,lEx,0,0,qir-qar,0,0,0
XAMTANGA,AA,CENTRAL_CUSHITIC,213000,an-yan,k3t,y3n,lEwa-lay,liNa,3j3ra,Xaza,g3z3N,b3ta,zEf,Xasa,qErbi-qEbri,b3r,Nas,ji,qEr3z,3l,3s3N,3r3q,laq,g3rb,nan-nEn,3q,S3q,ziy,qal,wES,k3r,tEr,kEra,s3gl3wa,aq,q3rNa,liya,gidEna,aba,xar,Caq,ay3r,S3N
XAMTANGA_2,AA,CENTRAL_CUSHITIC,213000,an,k3t,yin,l3wa,liNa,3j3r,0,g3z3N,b3ta,zEf,xaca,kErb3r,b3r,ac3n,ji,q3r3z,3l,3s3N,3ruq,laq,g3r3b,nEn,3q,0,ziyu,qalu,woSu,q3ru,tEru,kara,c3golowa,aq,qar3Na-qarNa,liy-liyE,gidEna,aba,har,0,ayir,SuN
PROTO_CHADIC,AA,CHADIC,-2,0,0,0,0,s3r,m3tu,k3rfi,k3r,0,it,0,z3m,bar,TaSu,0,S3mi,id3,at3n,San,aLesi,g3fu,0,w3di,0,sa,na,0,m3t3,s3,fati,0,am,0,aku-aka,0,0,b3di,0,0,S3m
PROTO_CUSHITIC,AA,CUSHITIC,-2,ani,ant-int,an-in,lah-lih,Lama,0,0,0,int,xa-xa7,0,gayn-xah,0,miki-moT,xas,0,il,isN,iLk,anrab,gilb-gulb,0,ang-ung,0,ag,ark-hex,mkl,ya,imt,0,hazk-hizk,0,tlaxh,ek,lag,0,0,0,az,sim-sum
PROTO_EAST_CUSHITIC,AA,EAST_CUSHITIC,-2,an,at,in,0,lama,0,0,0,0,0,0,gog,0,mik,gas,0,il,sa5-si5,ilk,andab,gilb-gulb,0,ang,0,ag-ig,arg,deg-dog,0,imt,elin,hizk-huzk,0,0,0,0,gub,ham-him,0,0,0
DAHALO,AA,DAHALO,400,0,0,0,watuke,lima,Xajo,jaribo,naXete,0,0,Labu,gino,diga,miTLo,tumi,agaco,ila,sina,kalati-Xakake,Xena,gili,daba,None,0,ma7una,kekia7a,etina,na7ina-ca7ina,ro7ia,ado,NiNiliXa-NiliXa,ma7a,0,ega,0,mulimete,hima,0,0,0
DAHALO_2,AA,DAHALO,400,a5i,ata,5a5i,watuke,li,guho,malabe,naXete,itore,koro,Sabune,gino,diga,miCo,tumpo,agaZo,ila,sina,kalati,Xena,gili,dara,!one,mako,ma7aw,wah,etit,Za7,haX,ado,!ingilXe,ma7a,mawele,ega,le,mulima,hima,!ok,mia,sare
MAJI,AA,DIZOID,33900,inu,yetu,inu,koy,tag,yabu,w3rgici,kianu,CuZu,ini,ai,kut-kutu,yarm,usu,usum,ai,abu,sinu,aZu,yabil-yabilu,kolu,kuCu,tiamu,bou,bEy,s3,sis,Su,yE,CaZ-CaZi,biz-bizi,ai,nialu,alu,kudu,tumu,got,0,kaliz,sim-simu
NAO,AA,DIZOID,7190,na,ne,natoknu,isn,tagn,iab,aSa,kianu,CuCu,inus,ai,fatu,yErb,usus,uSa,hai-hais,apu,sinus,aCu,yalb,gumtu,kuCu-kuCus,tiam,bufu,wobkesk,semo,sisne,Subo,y3go,SaZ,SeCa-SeiCa,hai,nelu-5elu,tamu,burun,mai,gata,0,kanu,sum-sumu
SHEKO,AA,DIZOID,38900,nEta,yEta,nEta,koy,tag-tagi,yab,oro,kiyano-kiano,CuCu,inu,kara,baCi,y3r3m,usu,uSku,hayin-ay,ab,sint,aCo,Erib,kumu,kuCu,tamu,bo-bo,kiSe,sEge,sise,Sube,yEge,ciac,dErtn,hai-ai,Se7i,tamu,kokn,gera,gota,0,karin,s3ma
BAREIN,AA,EAST_CHADIC,4100,0,0,0,fani,sidi,0,busi,baNa,0,iti,0,0,0,0,0,0,0,0,zeNu,lisiNu,0,nidaNa,0,0,0,0,0,0,0,minyeri,lisi,ami,0,aka,0,0,doefeyi,0,0,0
BIDIYA,AA,EAST_CHADIC,14000,nora-no,kana-kina,nina,kedeN,sidi,geN,boso-bosi,usu,0,ito-sadara,tapara,toko,buski,kasko,gepino,dena,udiya,etena,seNo,lise,gepe,pese,pupa,sate,ad,apat-tal,dor,mat,as,pato,kalo,amay,damo,ako,ora,doma,ereN,wenenuk,0,seme
BIRGIT,AA,EAST_CHADIC,10400,0,0,0,kaydo,siri,Ta,biso,kaTaN,itati,abi,tafo,zama,bara,aso,gefo,uduNgi,udi,eteN,saNo,lisi,gifi,Tugo,fifo,okolo,sa,heli,doyi,mati,0,foto,kali,ami,dambi,aku,morfi,0,andaNe,0,0,osom
DANGALEAT,AA,EAST_CHADIC,60000,non,kin-kan,nir,raki,sEro,gemo,bosir,ka5a,0,eti,0,0,bar,0,0,dENin,ud,0,0,0,0,posiN,0,0,sE,tal,dor,dE,as,pat,kalo,amay,dami,ako,botol,kot,ano,0,Tadine,siN
GABRI,AA,EAST_CHADIC,34400,ma,0,0,pon,wo,0,kuye,geta,0,goto,0,0,0,0,0,madi,tudi,gandim,kandum,gantam,gebam,tojiman,duNom-kobim,0,0,0,himambata,0,goro,tua,keminti,kam,0,tuo,dobede,kedam,kri5aldin,0,0,0
KAJAKSE,AA,EAST_CHADIC,10000,inti,konte,ante,fine,siri,no,buNgosi,fuka,otodi,0,fiyayo,tauwo,obor,kunun,0,koimi,arin,atan,sin,lisi,gif,fuso,fafo,sati,suN,um,dugiye,mata,soka,fati,sisimi,ame,iwo,kowi,iri,uTumo,0,0,0,simi
KERA,AA,EAST_CHADIC,50500,ten,te,aN,m3na,basi,0,aska,koya,0,k3paN,kosn3,tir3-kuti,kor,k3sk3N,gaw,kosoN,d3r,nin3,k3s3N,k3s3l,g3g3r,kasi,gaw,salde,se,0,iski-3ski,me-bese,bi-tugi,C3wa,seska,kan,p3rki,Cewa,k3k3y,p3rki,hi,b3,kimiri,sam
MABIRE,AA,EAST_CHADIC,3,na,gimuke,0,ke,ser,0,bis,ka5,intat,gawi,tapi7,zam,bar,aso,gepo,uduNe,ida7,dam3l,sin,pEl,sari5il,poiyot,pay,0,al,taru,nagiE,mate,are,pat,kal,amba,0,oko,or,dam,andunkel,minan,torat,kilek
MIGAMA,AA,EAST_CHADIC,20000,na-nata,kita-ki-kanta-kaN,ke-keta,kadyi,sera,gimu,busu,bangir-kan5a,itata-kakkuma,ettu,tappu,tukku,bara,assu,gapu,diyye,ide,itin,sanu,lit,gippi,pissi,gurgum,sate,aro,ello,dero-giyyo,mato,asaw,pato,kalu,ammi,dambu,okko,botol,damba,ando-andoN,uninta,0,seme
MOGUM,AA,EAST_CHADIC,7000,no,ke-kane,nine,kee,Se,0,biSo,kany,intato,eto,tapo,tok,bar,0,0,uduNe,ude,etento,saNo,leso,gifo,0,oyo,0,s,ser,doy,mat,0,foot,kalo,0,0,ok,0,0,0,0,0,0
MOKILKO,AA,EAST_CHADIC,12000,num,ke-kon,kine,so,sire,wede,puniso,gede,gerse,undumu,puttusu,golmodo,puzo,osse,opiso,kude,ersa,bundiso,sinta,7ilze,zibe,bey-beyga,giggire,sayyisa,sibe,wolle,olli,tinda-inda-bate-si7e,ette,pedo,mole,a7u,mokkolo-pangirsawa,uwwo,relike-urzi-erke,mokkolo-mokkolso,diddo,bo-bok,dala-dolo,suma
MUBI,AA,EAST_CHADIC,35300,ne,0,0,fini,sir,no,bogoso,fuga,idedi,aduwo,beriyo,jit,obor,kunonu,gebi,sumamu,irin,idanu,siNaNu,lisi,gip,foso,fabo,sat,suwa,om,jige,mat,suwak,fat,sisuwa,ame,wi,kewi,bodol,0,dedem,0,0,sami
SABA,AA,EAST_CHADIC,1340,0,0,0,p35,mu7u,0,bus,kuyu,b,s3oui,sa7a,roNo,sam7,3g3si7,k3pa,ondor,iri,demil,sene,son7,derkel,k3ta,payo,0,seye,e,neige,mite,oi,pido,s,umbo,durk,oko,aro,0,ba7,0,3r3m,sindir
SOKORO,AA,EAST_CHADIC,5000,na,Ca,onoN,k3ti-k3ri,moru,0,busi,kuyo,Nirsa,saune-cui,sayo,pana,sa,oseNi,g3bel,on,idim,dimol,senu,selinu,dergeldum,pitum,oidum,meildum,sa,0,neyo,mita,obtidi-obe,pio,0,mo,wita,oko,0,wita,badem,0,kiji,oso
SOMRAI,AA,EAST_CHADIC,7410,ini,inim,inige-anige-inidigan,mon,sir,0,gose,dogoro,gade,abde-habre,0,sumo,bare,gusiN,0,sumu,deram,sendum,sandam,0,0,usam,jurgum,0,se,yero,0,mare,0,doa-daua,disu,nimi,0,doa,0,0,mana,0,0,sumo
TUMAK,AA,EAST_CHADIC,25200,0,0,0,m3n,hE,gon,do,ga,ngirsa,aw,awh3ma,dar-hum,ba,guy,badubo,him,tuw3r,hun,hin,duj,gub,ge5,gaw,telu,he,ka,do,ma,o,dew,heru,nam,d3y,d3w,bom,0,mur3n,an,kam3n,him
UBI,AA,EAST_CHADIC,1100,nara-na,Cira-Ci,inani-ni,0,0,bo,buze,kuyu,judum,Cuwa,kabila,pi5a,sede,esa,gapa,oniya,iri,dumila,sina,sili5o,derNila,koya,oya,toziyo,sayin,nayin,niyin,0,ebin,pudiyo,timo,amo,durgu,ako,0,0,bogum,muna,erwa,semo
COPTIC,AA,EGYPTIAN-COPTIC,-1650,ang-anok,0,0,owa-ova,snav,rne,bore-leifi,uXor,kakte-Xlom,bo-krouni,bet-Sire,anom-Sab,snof,kas-qas,hob-tap,maSj-meSte,eier-eiat,Sa-jeb,naje-obe,las,pat-rmeie,Store-tertori,mnot-mestet,upaji,so-Cin,CoSt-eior,sotm,maut-mu,ejn-ern,re-Xei,siu,mou,ene-abrem,krom-sate,Xie-Xo,tou-tueie,uSe-Cor,0,mui-Sai,ran
LATE_EGYPTIAN,AA,EGYPTIAN-COPTIC,-2,ti-y,tek-te,ten-n,weXe,snewe,rame,rim,Cesem,0,Sun,kiXe-qiXe,anam,snaf,kis-qis,0,mesCeX,yire,fenet,abX,lis,0,tare,0,meuse,sa,pare-neu,satm,mau-maute,ewe-ete,riX,siwe,mau,ane,site,waye,tau,garX,maX,mmaye-maye,rin
MIDDLE_EGYPTIAN,AA,EGYPTIAN-COPTIC,-2,wy-ynk,Cw-ntk,n-ynn,wX,0,s-wXb,rm-gr,Csm-yw,ktt,nht,g7bt,ynm-ym,snf,qs-Xj,Xb,ydn-msjr,yrt,fnd-fnj,njXt-ybX,ns-snw,pd-p7j,jrt-j7t,mnd-mnj,myst-myzt,nwX-zwr,m77-dgy,sjm-Xj,mt-xpy,yy-w7y,rX,sb7-gnXt,mw-stf,ynr-Xr,xt-ns,wj7t-myt,jw-mn,grX-wx,mX,m7wy,rn
GEDEO,AA,HIGHLAND_EAST_CUSHITIC,975000,ani,ati,no7o,mite-meka,lame-laNa,mana,kultume-kurtume,walCo-warSa,ibe,haka,Safa,goga,munde,miCo,gafa,manSa,ile,sano,iso,arabo,gulubo,aNa,ununa,tiro,haw,ud,lak,re-rer,dag,ariSo,urje,wada7e,kinjo,gira,ora-ture,tarba-gara,haSa,woma,haro,suma
GEDEO_2,AA,HIGHLAND_EAST_CUSHITIC,975000,ane,ate,no7o,mite,lame,mano,kultume,wol,ibe,hak,Safa,goga,mune,miCo,gafa,mEnSa,ile,sEno,iso,arEbo,0,anga,ununa,tiTo,ha7i,ud,lEk,rey,am-amu,ariSo,urje,wEde7e,kin,gira,ora,koba,haSa,0,haroke,suma
HADIYYA,AA,HIGHLAND_EAST_CUSHITIC,1250000,ani,ati,nese,mato,lamo,manCo,kurtume7e,waSiCo,ibiba,haka,buya,omaCo,tiga,mike,budo,maCe,ile,sane,inke-iNke,alabo,gurubo,aNa,anuna,afare,ag,mo7-sid,maCes,leh-bayit,war,elinCo,bolanka-bolaNka,wo7o,kina,gira,gogo,duna,himo,woma,hareCo,suma
HADIYYA_2,AA,HIGHLAND_EAST_CUSHITIC,1250000,ane,ate,nese,mEto,lEmu,mEn,kurtume7e-kurtume7,wuS,ibiba,haka,buya,omEco,tiga,mike,budo,mECe,ile,sEne,inke,alEbo,gutub,anga,anuna,afEre,age,mo7e,mECese,lehe,ware,elin,bolank-bolanka,wo7o,kina,gira,gogo,duna,himo,0,hareC-hareCo,suma
KAMBAATA,AA,HIGHLAND_EAST_CUSHITIC,713000,ani,ati,na7oti,matu-meto,lamu-lamo,manCu,kortume,waSiCu,ibibe,haka,bonta,goga,kegu,mikiCu,buda,maCa,ili,sanu,inku-iNku,arabi,gulube-gulab,aNa,anuna,afali,ag,tud,maCoC,reh,wal-amet,are,bezeCu,wa7a-wi7a,kinu,gira,wuka-woka,duna,ankari-aNkari,wima-yima,haro,suma
KAMBAATA_2,AA,HIGHLAND_EAST_CUSHITIC,713000,an-ani,at-ati,na7o,mEto,lEmo,mEn,kurtum,wES,ibi,haka,bona,goga,kEgi,mik,buda,mEC,ilit-ilita,sEnuta,inkut-inkuta,arEbita,gulubita,ang,anuna,afElita,age,tud-tudi,mECoC,reh,wal-wali,arE,bEze,wu7a,kino,girEt-girEta,wokaha,duna,ankariya,0,haroha,suma
LIBIDO,AA,HIGHLAND_EAST_CUSHITIC,64400,ane,ate,nese,0,lEmu,mEn,kurtume7-kurtume7e,wus,ibiba,haka,buya,omECo,tiga,mike,budo,mECe,ile,sEne,inke,alEbo,gutub,ororE,anuna,afEre,age,mo7e,mECese,lehe,ware,elin,bolanka,wo7o,kina,gira,gogo,duna,himo,0,hareC-hareCo,suma
PROTO_HIGHLAND_EAST_CUSHITIC,AA,HIGHLAND_EAST_CUSHITIC,-2,ani,ati,na,mito,lamo,mana,kurtume,waSa,ibibe,haka,0,goga,tega,mike,buda,manCa,ile,sano,inko-iNko,arabo,gilube,aNa,anuna,afale,ag,0,maC,reh,dag-wal,are,beceko-bedeko,wa7a,kin,gira,dogo,duna,0,woma,haro,suma
SIDAMO,AA,HIGHLAND_EAST_CUSHITIC,2980000,ani,ati,ninke-niNke,mite,lame,manCo,kiltime-kultume,waSiCo,ibiCo,hake,daro,goga,munde,mikiCo,buda,maCa,ile,sano,hinko-hiNko,arabo-arawo,gulube-guluCo,aNa,ununa,afale,ag,la7,maCiS,re-lubam,dag,ariSo,bedako,wa-mada,kinCo-bolot,gira,dogo,garo-tulo,haSa,woma,haro,suma
SIDAMO_2,AA,HIGHLAND_EAST_CUSHITIC,2980000,ane,ati,niNe,mito,lame,mEn,kiltimi,wES,ibi,hak,hoga,goga,mune,mik,buda,mECa,ile,sano,hinko,arEbo,suli-suliCo,anga,ununa,afale,agi,la7,mECiSi,reo,amo,ari,bedae-bedahe,wa,kin,gira,dogo,ilala,haSa,0,haro,suma
AFAR,AA,LOWLAND_EAST_CUSHITIC,1806000,anu-3nu,atu-3tu,nanu-n3nu,inki-iNi,lamay-l3m3y,saXadatu-s3X3d3tu,kuluna-kulun3,kuta-kut3,inkaXE-iN3XE,hada-h3d3,ayufta-3yuft3,arab-3r3b,Xabal-X3b3l,lafa-l3f3,gasa-g3s3,ati-3ti,ini,san-s3n,modina-modin3,araba-3r3b3,gulub,gaba-g3b3,angu-3Nu,tiro,aXub-3Xub,abul-3bul,obiy,rab-r3b,EmEt,aro-3ro,Xutuk,lE,da-d3,gira-gir3,gita-git3,XalE-X3lE,bar-b3r,0,Xusba-Xusb3,migaXa-mig3X3
AFAR_2,AA,LOWLAND_EAST_CUSHITIC,1806000,anu,atu,nanu,ineki,namaya,sihadatu,kulun,kuta,inkaX,XaTa,ayuf,g3lbo,ab3la,l3fa,gase,ati,ini,s3na,modina,araba,0,g3ba,angu,tiro,oXobe,ubule,obe,r3be,emete,aro,Xutukta,le,Ta,gira,gita,Xale,b3ra,0,Xusiba,migaX
ARBORE,AA,LOWLAND_EAST_CUSHITIC,7210,yelo,0,inu,toko,lamada,modo,beka,kEr,ingira-iNira,koro,dedana,dulteda,dika,lef,0,nebi-nebih,ina,sono,ilka,inilake,0,laba,0,sede,ige,doy,Takasti-Takastiy,ziye,maye,awatera,uzukatera,biTe,kate,eg,gorda,el,arawa,0,haraya,meke7e
ARBORE_2,AA,LOWLAND_EAST_CUSHITIC,7210,yelo,gairta,inu,tokoTa,lamaTa,modo,beka,kair,ingira,koro,dedEna,dulteda,dika,lef,0,nebi-nebih,ina,sono,ilka,lEke,0,lEba,0,sEde,ige,doy,CakEstiy,ziye,maye,awa,uzuke-uzuke,biCe,kate,eg,gorda,El,arawa,0,haraya,mEke7e
BAISO,AA,LOWLAND_EAST_CUSHITIC,5480,3ni,3ti,nu,kou,l3m3,ib3do,kunumi,kErE,igiri,g3,b3l3lo,m3rk3,igi,lEfi,m3S3,nEbE,ili,konon3,ilko,irEbi,gilib,gEnE,n3si,todo,d3m,0,0,goy,mEt,3riti,b3r3T3,bEkE,E7Ebo,ElEn,r3,wod3mi,0,0,0,mEgE
BAISO_2,AA,LOWLAND_EAST_CUSHITIC,5480,ani,ati,no,ko7o,l3m3,ul,kunumi,kere,igiri,ga,balalo,goga,igi,lEfi,maSa,nEbe,il-ili,konona,ilko,irEbi,0,gEne,nasi,todo,Tam,din,0,g,met,ariti,baraja,bEke,e7ebo,elen,ra,wodami,0,0,0,mege
BOON,AA,LOWLAND_EAST_CUSHITIC,59,ani,adi,inagu-inaga,deri,lomi,deri-dugag,0,0,0,awas,0,huwad,Xasero,lXafil,0,maxali,ain,saneg,wafer,laxdan,0,ganad,dXarowa,tiro,Xido,aimei,maxalei,ruf,godis,iftin,0,lawo,tomala,ilah,0,0,humag,0,Xanisan,0
BORANA_OROMO,AA,LOWLAND_EAST_CUSHITIC,3949600,ani,ati,nu,toko-toxo,lama,nama,kurtumi7,sare7,inirani,muka-muxa,bala,goga7,diga,lafe7,gafa,gura,ila,funani,ilkani,araba,Tilba,harka,harma,tiru7,dug,arg,daga,du7,duf,adu7,urTi7,bisani,daga7,ibida,kara7,gara,halkani,0,hara,maka7
BORANA_OROMO_2,AA,LOWLAND_EAST_CUSHITIC,3949600,ana,ati,nu,toko,lam-lama,nama,kurtumi,sare,3n3ran,muk-muka,bala,goga-gogaa,Tig-Tiga,lafe,gafa,gura,ila,funani,3lkan-3lkani,arEba,j3lba,hark-harka,harma,t3ru,Tug-Tugi,lali,Tagay,du7i,kot-koti,adu,urji,bisan,Taka,3bid-3bida,kara,gara,halkan-halkani,0,hara,mEka
BURJI,AA,LOWLAND_EAST_CUSHITIC,70100,ani,aS-aSi,nanu,miCa-deki,lama-lam,lami-dira,kurtume-kurtumay,waCo-woSa,iba,haka,bakala-daga,goga,Ceji,miCa,buda,daga,ila,suna,irka,arab-araba,gilba,aNa,ununa,afala-tiro,dug-duw,ilal-aNul,akab,rey-bakat,inta-intay,hiniCo,tolinte-biziko,wa,daha-daga,jira,dawa,ura-deto,yedi,huma,harea-haraya,maka
BURJI_2,AA,LOWLAND_EAST_CUSHITIC,70100,e,Se,nins,miC,lam-lamu,lam-lame,kurtume,wuCo,iba,haka,mEn-mEna,goga,Cej,miC-miCa,buda,Tag-Taga,ilE,guna,ilka,arEb,gilba,ank,ununa,afEla,Tub-Tubi,ilal-ilali,akEb-akEbi,re,am,tabara,toline,wa,Taha,jir-jira,dawa,ura,yed-yedi,0,hareya,mEka
BUSSA,AA,LOWLAND_EAST_CUSHITIC,19700,ana,atE7E,inu7E,taka,lakE,nama,kurmuja,xuda,ikirida,gora,lapat-labahat,uwu,diga,lafta,kas,lapat-labahat,ilta,sina,ila,araba,kilpa,harka,amba,tira,uk,ak,dagay,tow,dEy,lata,0,haga,daga,abit,pana,udet,ponoda,0,awtita,maxa
BUSSA_2,AA,LOWLAND_EAST_CUSHITIC,19700,ana,ima,inu,Sok-Soko,tam-tamu,nama,mole,heraTe,sakECa,korayo,kobEro,kola,Tiga,mEkEte,kasa,kobEro,ilCa,sino,iliCa,iniriC-iniriCi,kilba,hark-harka,ampa,mayE,uke,hake,dakay,toy,Te7e,koso,hisko,piSe,Tahe,puto,pana,tara,Cukana,0,awSita,maxa
DAASANACH,AA,LOWLAND_EAST_CUSHITIC,60500,yu,kuni,5i5i,takaT,nama,mu,beT,Tir,izidi,Tor-gor,neti,lokodi,fas,lafiti,gas,neti,il,sono,kaTini,ere,kur,gil,ozu,Tira,Tik-gik,arg,mal,kuf,imez,azu,izini,bie,war,Tiete-giete,TieriT-gieriT,gumiti,Turi,0,kana,me
DAASANACH_2,AA,LOWLAND_EAST_CUSHITIC,60500,yu,kuni,Tina,taqaC,nama,ma8Et,bEC,Cir,izir,kur,nEte,tude,f3s,lafite,gaso,nEte,il,sono,qaCo,Ere,kur,gil,o8o,Cira,ik,argiyE,male,kufe,qayimi,azo,izine,biyE,war,giEte,geriC,war,Curi,0,kana,maya
EASTERN_OROMO,AA,LOWLAND_EAST_CUSHITIC,4530000,ana,at-ati,nuhi,tEk-tEka,lEma,nama,kurtumi,sare,3n3re7,muxa,bala,goga,Tiga,lEfe-lEfe7,gafa,gura,ija,fu5an,3lke,arEba,j3lb-j3lba,hark-harka,harma,t3ru,Tugi,lal-lali,Tagey,du7a,kotu,adu,urji7,biSan,TEga,ib3d-ib3da,kara,gara,halkan,0,harey-hareya,mEka
EASTERN_OROMO_2,AA,LOWLAND_EAST_CUSHITIC,4530000,ana-ani,ati,nu-nuy,toko,lama,nama,qurtumi,sare,injiran,muqa,bala,goga,diga,lafe,gafa,gura,ija,fu5an,ilkan,araba,jilba,harka,qoma,tiru,duga,arga,dagaya,du7a,dufa,adu,urji,bisan,daga,ibida-abida,kara,tulu,halkan,gutu,hara,maqa
EL_MOLO,AA,LOWLAND_EAST_CUSHITIC,8,0,0,0,toko7,rama7,utira7,pek,kEr,iNir,oro7,kui,uranE7,dik,rafa7,0,nEp,il,sono7,ilko7,ErEp,gum,up,Enum,0,ik,argE,tEkaitE,kufE,anaNEi,aotE7,uyu7,bETE7,El,ek,gor,ElE7,kisa7,0,burida,0
GAWWADA,AA,LOWLAND_EAST_CUSHITIC,68600,ano,ato,ina,tokko,lakka,qawXo,xara,xaro,isqaya,karko,misa,xabo,Caqta,maqqa,kattakko,qama,ixxa,sina,ilka,arrapko,kilpayo,Xargo,aduno,tira,uk,hi7,apaq,far,okay,Xallikko,huska,ana,ikako,xatta,sano,gupo,awna,hoqq,qawt,makako
GAWWADA_2,AA,LOWLAND_EAST_CUSHITIC,68600,ano,ato,ine,toko,lake,qoho,xare,haro,isqi,garko,axe,3lo,kekite,mEx3de,gase,qamte,yEx3te,sine,3lge,ErEbgo,kilbayo,harqo,adEngo,tiri,ugi,Siya,abaxi,fEri,ogayi,uqayE,h3ske,ani,awErko,xEte,unge,gEdo,awine,0,qoto,mogago
GIDOLE,AA,LOWLAND_EAST_CUSHITIC,49900,anto-antot,atE,ino,Soko,lakE,nam,kurtumEt,hEra,ikirEt,kor,labit,kol,dik,laft,kas,labit,ilt,sina,ilit,arap,kilp,hark,amb,Sira,uk,ak,dagay,tow,dEy,laS,0,hak,daga,abit,pana,wudEt,awad,0,awSit,mah
GIDOLE_2,AA,LOWLAND_EAST_CUSHITIC,49900,an-ana,at-ati,in-inu,Sok-Soko,lak-lake,nam-nama,kurtumEt,hEra,ikirEt,koraya,lapit-lapita,kol-kola,Tig-Tiga,laft-laftE,kas-kasa,lapit,ina,sina,ilit,araba,0,hark-harka,ampa,Sira,uki-uk,ak-aki,Tagay,toy,Te,lES-lESa,hiska,hak-haka,Taka,abit-abita,pana,wutEt,awETat,0,awSit,mah-maha
GOBEZE,AA,LOWLAND_EAST_CUSHITIC,68600,ano,aCo,ino,to7on,lEme,qawuh,xar,hEr,3sqi,kar,ax,Xila,Ceh,mEq,kas,qan,axa,s3n,3l3go,arEb,0,hEr,Edun,Cir,uk,hi7,qabaq,fEr,oka,uqayE,wEn,an,aru-awru,heC,unk,gub,aw3n,0,qotito,mEkah
KOMSO,AA,LOWLAND_EAST_CUSHITIC,242000,anti,ati,ino,taka,laki,nama,murkuja,kuda,ikirtEda,qora,haSa,koga,diga,lafta,kasa,nabahada,ilta,sina,ilkita,araba,kilpa,harka,ama,tira,ik,ak,dagay,tow,dEy,lEta,0,piSa,daga,abita,pora,iroda,halkEda,0,haraya,maxa
KOMSO_2,AA,LOWLAND_EAST_CUSHITIC,242000,ana,ke,ino,tak-taka,lak-laki,nama,murguj-murguja,kuta,3k3r,qora,haSa,kolata,Tig-Tiga,lafta,kas-kasa,naba,ilda,sona,3lg3ta,arab-araba,kilba,hark-harka,am-ama,t3ra,y3k,yak-ak,TEgay,t-te,T-Te,lEta,3ska,piSa,Taga,ab3ta,pora,irota,halget-halgeta,0,haray-haraya,max-maxa
MAAY,AA,LOWLAND_EAST_CUSHITIC,1500000,any,0,0,0,0,qof-lan-Saksi,malalay,ey,injir,ged,hambal-hanSy,gubul-qolof,dig,laf,gas,deg,il,san,ilik,abryn-af,jilib,galan,nas-horadky,ber,warabow-damow,aragow-firiyow,degow,amu8ow-dimy8ow,koyow,iry,hiddig,biyi-warabbiyow,Sid,dab,tubal,bur,hammin,buhy,usub,magy
MECHA_OROMO,AA,LOWLAND_EAST_CUSHITIC,8920000,ani,ati,nui,toko,lama,nam-nama,asa,sare,3n3ran,zafi,bala,goga,Tig-Tiga,lafe,gafa,gura,ija,fu5an,ilkan,arEba,j3lba,ark-harka,arma,t3ru,Tugi,lali,Tagey,du7i,kot-kotu,adu,urji,biSan,Taga,ibida,dEni,tulu,alkan,0,adisi,maka
MOGOGODO,AA,LOWLAND_EAST_CUSHITIC,50,koNo,agu,ege,wehet,Cei,iei-sei,siNiri,kehen,0,keded,0,keSi,sogo,muCo,opet,nibe,ila,nuxa,ini,erei,0,tegei,0,0,uxa,doyia,0,akehet,alehe,tezo,eso,anu,tebu,iku,dar,0,0,0,0,iSi
ORMA,AA,LOWLAND_EAST_CUSHITIC,66300,ani,ati,0,tokoCa,lama,nama,kurtumi,sare,injirani-hinjirani,muka,kola-omensa,goga,diga,lafeti-lafati,gafa,gura,ila,funani,ilkani,araba,jilba,harka-kote,harma,tiru,duga,darga,daga,dua-duta,dufa,adu,urji,bisani,dakaCa,ibida,dirbu,tuliCa-tulu,halkani-bulto,miyu-duda,haresa,maka-maka
PROTO_SAM,AA,LOWLAND_EAST_CUSHITIC,-2,ani-an,ati-at,ino,kow,lama,dad,0,0,iNir,geiz,bal,0,dig,laf,gaes,deg,il,0,0,0,gilib,ga7am,na7as,ber,ab,arg-arga,nagal,amut,0,0,0,biTe,0,dab,git,0,hiben,0,usub,maga7
RENDILLE,AA,LOWLAND_EAST_CUSHITIC,60000,3ni,3ti,ino,kou,lama,i5E5Et,b3X3g,k3r,inTir,gEy,x3d3X,m3xEl,dig,l3f,g3s,dogo,indo,s3n,ilko,Xarap,Tilip,f3ro,n3h3s,X3lEsi,d3m,gEr,d3g,mu-yumut,0,or3,b3k3l,biTE7,d3g3X,d3p,Tit,kur,ibEn,0,Xosup,m3g3X3
RENDILLE_2,AA,LOWLAND_EAST_CUSHITIC,60000,an-ani,ati,in-ino,kou,lama,mEjEl,yEl,kar,3n3r,gey,xadaX,maxEl,Tig,laf,gas,dogo,ino,s3n,ilko,har3b,j3l3b,faro,nahas,Xalesi,T3m,gEr,dag,yumu,kale,ora,bakal,biCe7,d3gaX,d3b,jit,kur,iben,0,Xosub-Xesub,m3g3Ca
SAHO,AA,LOWLAND_EAST_CUSHITIC,285800,anu-3nu,atu-3tu,nanu-n3nu,inki-iNi,lama-l3m3,insi,Xaza-X3z3,karE-k3rE,inqaX-inq3X,haLa-h3L3,daLa-d3L3,alo-3lo,bilo,lafa-l3f3,gaSa-g3S3,ati-3ti,inti,san-s3n,iko,anrab-3nr3b,gulub,gaba-g3b3,angu-3Nu,tirau-tir3u,Xab-X3b,bal-b3l,ab-3b,rab-r3b,maw-m3w,aro-3ro,Xotuk,lay-l3y,day-d3y,gira-gir3,araX-3r3X,koma-kom3,bar-b3r,0,uXusub,migaX-mig3X
SAHO_2,AA,LOWLAND_EAST_CUSHITIC,285800,anu,atu,nanu,inik,lama,labato,asa,kare,inqato,XaTa,TaTato,qarbat,bilu,lafa,gasa,oka,ini,san,iko,anrab,0,gaba,angu,tiraw,yo7ube,uble,obe,rabe,emete,aro,Xutukta,lay,Tato,gira,araX,koma,bar,0,usub,miga7
SOMALI,AA,LOWLAND_EAST_CUSHITIC,14560100,aniga,adigu-idinku,innagu-annagu,mid-kow,laba,qof,kalun,ey,injir,ged,Xalen,0,Tig,laf,ges,Teg,il,san,ilig,Xarab,jilib,gaXan,lab-nas,ber,ab-Tan,arag,maqal,Timo-baqti,iman,qaraX,Xidig,biyo,TagaX,dab,wado-wadiqo,bur,haben,buXsan-daf,Xusub,magaXa
SOMALI_2,AA,LOWLAND_EAST_CUSHITIC,14560100,ani,adiga,inaga,mid,laba,nin,kalun,ay,inir,ged,Xalen,jiT,Tig,laf,ges,Teg,il,san,ilig,Xarab,0,gaXan,naso,ber,Xab,arag,maqal,Timo,kaley,XaTed,Xidig,biyo,dagaX,dab,wado,bur,haben,0,Xusub,magaX
TSAMAI,AA,LOWLAND_EAST_CUSHITIC,18000,ano,ato,oge,doko,laki,kauku,Xare,karitu,kiske,gorko,hoZe,kabo,CEid3,mite,gasako,kone,oXiti,sine,ilge,arako-arauko,lutE,horko,ame,tire,ugi,ema,Gobo,bare,ugEi,kaliku,age,ane,gako,kate,zanu-zano,oZo,galabo,hoCi,gauditu,mako
TSAMAI_2,AA,LOWLAND_EAST_CUSHITIC,18000,anu,yE,ine,doko,lEki,qauko,hare,karo,uske,garko,haSe,0,Ceigdi,0,gasako,kane,axete,sinite,ilge,arako,gilibko,harko,aTuNu,lane,luzena-luZena,emena,0,fEr,ogoi,kaliko,xizge,ane,kE,kate,zano,aSo,0,0,0,mako
TUNNI,AA,LOWLAND_EAST_CUSHITIC,20000,ana,ada,unu,hal-kow,lama,0,maley,ey-eyo,isgir,ged-gedo,hambal-hilin,0,0,laf,ges,deg,il-ilo,san,ilig-ilko,arab-arabo,jilib,gana,nas,taraw,warab,agar,deg,dem3d,koy,fri,bakal,beh3-behe,Slid,deb,fefaf,bur,himlin,0,0,maga
WERIZE,AA,LOWLAND_EAST_CUSHITIC,68600,ano,aCo,ino,ta7ako,lEki,kowo,hare,xEro,isq,karko,axaCe,qolo,Cehite,mikECe,kaso,kane,axaCe,siniCe,igoko,arEbko,kilb3yo,kanE7e,amiCoko,Cire,aXoki,ahi7i,kebaki,afEri,ahafi,ukayE,Xiske,ane,awruko-aruko,hECe,pano,gubo,awine,0,qowCiCo,mEkako
W_OROMO,AA,LOWLAND_EAST_CUSHITIC,8920000,ani-na,isin,nu-nuy,toko,lama,nama,kurtumi,sare,Cini-injiran,muka,bala,goga-itile,diga,lafe,gafa,gura,ija,fu5an,ilkan,araba,jilba,harka,harma-lape,tiru,duga,arga,dagaya,du7a-obafada,dufa-kotu,adu-biftu,urji,bisan-mada,daga,boba-ibida,dani-kara,gara-tulu,halkan,0,hara,mogasa-wamsa
HERDE,AA,MASA,40000,0,0,0,0,0,su,kerfe,3da,0,ugu,0,0,vursu,uso,0,hum,ir,Cin,se7,sile,Cin,ba,pa7,tuk,Ce,ye,hum,mat,mu,futa,iCiu,mi,gwoi7i,ku,vari,0,0,0,0,sam
MARBA,AA,MASA,218000,0,0,0,0,0,sa,kluf,adi,0,aggu,0,0,buzu,assoh,0,hum,ir,aCin,si,sin,gigif,abo,appo,aduduk,Ci,we,hum,mit,ma,affat,CiCiw,mbyo,0,akku,lovot,0,0,0,0,simi
MASANA_POGO,AA,MASA,295000,0,0,0,tiy3w,ma,s3na,kuluva,dina,dara,kunguloma,Labana,p3k,puzuna,sokNa-sokiNa,miyeka,huma,ira,Cina,sina,sina,fokiva,0,p3n3,dugtuka,C3mu,w3mu,huma,mituwa-mida,b3w3,f3ta,Cuwra,yowino,k3yera,kuda,fota,yina,jigara,0,wiliye,Sema
MASANA,AA,MASA,295000,0,0,0,tum,ma7,sana,kulufna,dina,tEnEdEfna-tara,guna,humguna,bakNa,busuna,sokna,miokNa,homano,irano,Ciname,siano,sinano,Nulafano,0,mira,duka,Capo,8ua,homa,mita,mai,fata,Ciwta,nina,gorina,kuta,hagata,hida,hEnjEta,0,wilia,sEmda
MESME,AA,MASA,20100,0,0,0,dau,hob,sura,kife7e,aida,andoi,na5su,tab,dike,vurson,asu-iseu,mek,hum,ir,Cin,sed,Cil,vin-guf,0,pa,aduk,Ce,we,hum,mat,ma,fata,CiCiu,mi,goy,ku,vari,goy,durki,0,mreu,sem
MUSEY,AA,MASA,358000,0,0,0,dew,ma,sa7a,kulufna,dina,tara,guna,hom,hiwino,busuna,sokNa,meka,homano,irano,Cinino,sino,sinino,balatano,0,pona,duduka,Ci7e,gola,homa,mitna,maya,fata,CiwCiwra,yona-bona,goira,kura,vota,dagara,njegera,0,wilia,sema
PEVE_LAME,AA,MASA,35720,0,0,0,dao,hob,sum,keve,da,tani,gu,tap,diketu,v3s3,so,mek,hum,0,Cin,Se7,Sele,Cingit,0,pa7,duk,Ce,we,mun,mat,m3,f3ta,CiCu,mi,goi7,ku,vari,goi7,dokri,0,k3,Sem
PEVE_PALA,AA,MASA,35720,0,0,0,dawa,hobo,suma-sura7a,kirvi,da7,tani,gu,Lab-Laba,dikietu,v3nso3,so,mEke,humu,iri-ir,Cini,Si7i,Sidi,Cimgiri,0,p37a-pa7a,duk-douku,Ci,wi,mun,mar-m3n,m3ye-m3,futa,CiCu,mi,ngai,ku,mulam,g3mtoNduku,dukri,0,kamg3liuk-kamg3liki,muna-sumde7
BASKETO,AA,NORTH_OMOTIC,92600,tana,nena,nuni,fEtEn,name,ase,mola,kana,CuCa,mic,Sita,g3ma,suca,mikEc,uSinS,woci,af,sin,aCi,in3rs,buka,kuS,ama,may3z,uSk3,bEk3,s3sk3,ak3,yE,awa,colina,wace,SuCa,tama,g3ci,3na,kama,0,orEs,sumsa
BENCHO,AA,NORTH_OMOTIC,348000,tana,dal,nona,mat,n3m,ac,oru,kiyEn-kEn,CuC,in,koCay,bet,sut,miyert-mert,pEl,hay-ay,ap,s3nt,gaS,ec,gumEtn,kuC,tam,Z3S,uS,beka-bek,sis,ab,wu,ob3r,Sat,so7,niyel-niel,tam,bod,tul,urd,0,k3y,sum
CHARA,AA,NORTH_OMOTIC,13100,toni,nEni,nuno,isto,nom7o,oci,molo,k3no,CuCe,mici,bonCo,golbo,sucu,mEkEte,koCe,woye,ope,side,oCe,incerE,gulb3te,kuCe,donci,tirE,uSikosenE,wuCekosenE,sidikosenE,hoi7ikosenE,yedikosenE,owo,colintE,hoce,SuCu,tomo,oge,boCe,0,kumucu,oroci,suncu
DACHE,AA,NORTH_OMOTIC,1070000,tena,nena,nuna,isino,n3m-n3m3,as,mole,kana,CuCe,Sara,waye,galba,suc,mekec,kaCe,hace,afe,siTe,aCe,inErs,0,kuSe,Tan,tire,uw-w,be7,s,hak,y,awa,coline,hace,Suc,t3ma,oge,afo,omars,0,orEc,sun
DORZE,AA,NORTH_OMOTIC,30100,tana,nena,nuna,isino,nama,as-asa,mole,kana,CuCe,mic,yECe,g3lba,suca,meqec,kaCe,hace,afe,sidi,ac-ac3,incEr,0,kuSe,Tana,t3ri-tri,uwiya,bE,Su,hak,y,awa,coline,hace,Suc,tama,oge,zuma,gidoc,0,orEc,suna
GANZA,AA,NORTH_OMOTIC,3000,ti,ye,0,uSikwain,mambu,uSikwanasidi,maka7,kana,Sukum,insa,insaway,yilic-malagoNgo,handa,mataS,uSum,waya,ap,Sin,0,insal,ukul,gwonzo,ata,maya,0,0,0,0,0,aba,piyEla,ha7a,SaNga,tama,arihaw,kwe,0,0,kadi,wasa
GIDICHO,AA,NORTH_OMOTIC,157000,tana,nEni,nuna,bize,nam-nama,asi,molo,kana,CuCi,misi,bale,kome,sosi,mEkEte,uSume,waSe,afe,kunke,gago,inir,bo7e,kuSe,Tan,maye,uS,0,sid,ad,yod,awa,coline,wasi,suCi,tama,oge,zuma,kaman-kamani,0,kile,uni
HOZO,AA,NORTH_OMOTIC,3000,0,0,0,onna,dombo,mo,wasi,wiSi,0,int,0,goNka,hambli,0,kara,wEyi,abbi,Sini,acE,wintilE,kumi,kuci,0,0,iSi,0,SiSi,zir-hucE,kuwa,abbi,koza,hani,waci,tami,kaSi,gura,Sibbi,0,0,0
JANJERO,AA,NORTH_OMOTIC,92200,ta,ne,ino,ison,hEp,asu,kurtumi,kana,tu7a,i7o,toSa,gogo,ana-hana,megE,k3la,odo,afa,siya,a7a,tEr3ma-tErma,ke7a,kuSu,tama,zogara,uSuwa,biwa,odowa,kitu,iyowa,awa,bakura,aka,Su7a-Su7a,geya,og3na-ogna,kuma,wala,0,gEdo,suna
KACHAMA,AA,NORTH_OMOTIC,2830,ta,ne,nu-nuna,bizo,Sololo,3de,molo,kana,Cuse,mEza,waye,ipuza,suz3,mekEte,uSume,waye,ape,kere,gago,Enura,bo7e,kino,kirta,maye,3z,bay,0,hak,haya,0,0,waze,palo,tam3,oge,d3re,Cemo,0,kile,suna
KEFA,AA,NORTH_OMOTIC,835000,ta,nECo,no,iko,guto,aSo,aSo,kunano,CuCo,mito,wamo,goko,dEmo,SawuSo,karo,wamo,afo,mudo,gaSo,ECio,0,kiSo,tano,kamo,wiye,Cine,wayEbe,kitibe,wobe,abe,tojEno,aCo,tako,kako,gomo,gEpo,tumo,0,aniro,Sigo
KEFA_2,AA,NORTH_OMOTIC,835000,ta,ne,nu,iko,guto,aSo,haso,kuna5,Cindo,mito,wamo,goko-goqo,damo,SawuSo,qaro,wamo,afo,mudo,gaSo,eCiyo,ango,kiSo,geto,qamo,uC,beq,way,kit,wa,abo,tojano,aCo,taqo,qaqo,woreto,gudo,tumo,Cen,andero,Sigo
KOYRA,AA,NORTH_OMOTIC,157000,tani,nEni,nuni,bico,lam-lame,ace,gulice,kana,CuCe,mice,waSe,komi7e-kome,suce,mEkEte,uSume,uwaSe,af-afe,siTe,gago,unure-unicure,bohe,kuCe,Tance,maye,uSu,be,si,hayi7,iyo,awa,coline,wace,SuCe,tama,oge,b3k-b3ka,kama,0,kile,sune
KULLO,AA,NORTH_OMOTIC,543000,tana,nena,nuna,ita,la7a,asa,moliya-molia,kana,CuCa,mica,haca,bola,sus-suca,mEkEc-mEkEca,keCiya,haca,afiya,siTiya,aCa,intarsa,gulbEta,kuSiya,Tana,t3riya,uSE,be7e,sise,hayE,yE,awa,toliniya-coliniya,haca,SuCa,tama,ogeya,dEriya,kama,0,orEca,suna
MALE_ETHIOPIA,AA,NORTH_OMOTIC,94700,tani,bore,nuni,pEte,lEmo,asi,molo,kani,CugiCi,mici,bonCa,zETi,s3guci,miguci,rori,wozi,afi,s3di,aCi,inirsi,guSi,kuCi,Tanci,mazi,uSk,z3g,waz,hak,hani,abi,wuCo,waci,SuCi,tami,goci,gEmeri,Tumi,0,aki,sunci
MOCHA,AA,NORTH_OMOTIC,79900,0,0,0,iko,guto,0,hoSo,kunono,Cuto,mito,womo,0,domo,SowuSo,qoro,womo,opo,Sito,goSo,haCowo,guroto,kiSo,tano-gato,aporo,usi,baqi,qabu,qiti,wo,abe,toZo,oCo,Suto,qoqo,woroto,gapo,tumo,Ceno,ondiro,S3go
MOCHA_2,AA,NORTH_OMOTIC,79900,ta,ne,no,iko,guto,aSo,haSo,kunano,Cuto,mito,So7o,goko,dEmo,SaSo-SauSo,karo,wamo,afo,Sito,gaSo,heCawo,gurato,k3So,tEno,afaro,uwe,Cine,kEbe,kitib,wob-wobe,abo,t3jo,aCo,Suto,kako,w3rato,gEpo,tumo,0,b3ro,Sigo
NORTHERN_MAO,AA,NORTH_OMOTIC,5000,tiya,EsE,hamle,iSki,yEmo,Eze,koke,kana,kiSE,inE,wale,koda,hanE,maldE,iSimE,wale,apE,Sine,azE,anile,kume,kusE,arE,mEle,iSi,yine,ke-keu,hEgi,ing-inge,awa,bagE,hace,Soe,kamE,pomE,Soe,safe,0,tumE,tiNal
OYDA,AA,NORTH_OMOTIC,36900,tana,nena,nuna,pEto,nami,as,molo,kana,CuC,minca,bono,kole,suc,mEkEc,kaCe,haye,afe,siTe,aCi,in3rs,gulbata,kuSe,Tan,tiri,uZ,bi,si,hak,yi,awa,colino,hac,SuC,tama,oge,dEre,kama,0,orEc,sun
SEZE,AA,NORTH_OMOTIC,3000,0,0,0,iSilE,nombE,may,wasi,wiSi,0,ilnsE,0,goNkE,hamblE,0,kali,wEy,awi,sintE,acE,yansilE,gubi,kusE,0,bey,iSE,0,kiwE,ziyE,kwa,awE,kozi,haNsi,SawE,tamE,kwe,bali,kweSim,0,0,0
SHE,AA,NORTH_OMOTIC,348000,tan,nena,nona,mat,nam,ac,wori,kian,CuC,en,aisi,gel,sut,mErt,uS,ai,af,sint,gaS,ec,gura3t,kuC,tiam,mai,uS,beka,sis,aika,wu,obEr,zat,so7,bak,tam,bod,gud,dutan,0,kai,sum
SHINASSHA,AA,NORTH_OMOTIC,37500,ta,ne,no,ikka,gitta,asSa,mutca,kana,cuca,mitta,mara,kedda,ca7atca,mak3tca,kalla,waza,awa,Sinta,gaSa,albera,gubra,kiSa,caca,afara,uS,bek,SiS,kirr,wa,awa,kena,aca,Sutca,tawa,wera,gura,tuwa,cen,andra,Suca
SHINASSHA_2,AA,NORTH_OMOTIC,37500,tana,nena,nona,3ka,gita,aSa,muca,k3na,cuca,mita,mara,goka,tEca,mEk3ca,kala,waza,awa,Sinta,g3Sa,albera,gubra,kiSa,taca,afara,uwi,cil,Si,kiri,wo,awa,kena,aca,Suca,tawa,wera,gura,tuwa,0,adisa,Suca
SOUTHERN_MAO,AA,NORTH_OMOTIC,500,to7oni,no,nuSi,iko,guto,aSo,haSo,kano,cuco,mico,maso,goNko,cano,SauSo,karo,wajo,afo,Sino,gaSo,Erico,gulmato,keSo,tano,afaro,uS,cin,Siye-Sie,kera,wob-wobe,abo,cigEro,yuro,Suco,tamo,goto,dago,diro,0,aniro,Sigo
WELAMO,AA,NORTH_OMOTIC,1710000,tana,nena,nuna,ista,na7a,asa,mole,k3na,CuCa,zaf,bonCo,galba,suta,meketa,k3CiyE,hata,afe,sireyE,aCa,intarsa,0,kuSi,tana,t3re,uy,be7,s,hak,y,aw-awa,tol3no,hata,SuCa,tama,oge,dere,kama,0,orEta,suna
WOLAYTTA,AA,NORTH_OMOTIC,1710000,ta,ne,nu,ista,na7a,asa,moliya,kana,CuCCa,mitta,agg-yed,galba-goga,sutta,meketta,kaTiya,haytta,ayfiya,siriya,aTTa,intarsa,gulbata,kusSiya,tanta,tiriya,uyy,be7,siy,haykk,y,awa7ayfiyu,tolintiya,hatta,SuTTa,tama,ogiya,deriya,kamma,kum-mitt,horatta,sunta
ZAYSE,AA,NORTH_OMOTIC,18500,tana,ne,nui,bizo,nam-nama,ac,mole,kana,CuCe,minca,waye,kole,suc,mEkEte,uSume,waye,afe,kunke,aC-aCi,inir,0,kuCe,Tan,maye,uSE,cElE,si,hayo,yEta,kos,soline,wace,melo,budo,oge,boCe,Cemo,0,gElo,sun
ZERGULLA,AA,NORTH_OMOTIC,18500,tana,ne,nui,bizo,nam-nama,ac,mole,kana,CuCe,minca,waye,kole,suc,mEkEte,kaCe,waye,afe,kunke,ac-aci,inir,gulbEt,kuCe,Tan,maye,uSE,cElE,si,hayo,yEta,awa,soline,wace,melo,budo,oge,zuma,Cemo,0,gElo,sun
ACHAEMENID_ARAMAIC,AA,SEMITIC,-2,0,0,0,Xd,tren,3naS,0,0,0,0,0,0,0,0,0,0,Xayin,0,0,liSan,0,yad,0,0,0,Xzy,SmX,myt,7ty-mty,SmS,0,myn,eben,0,oraX,tur,lele,0,0,Sum
AKKADIAN,AA,SEMITIC,-2,anaku,ata-ati,ninu,iSten-iStet,Sina-Sita,awilu,nunu,kalbu,uplu,isu,0,gildu,damu,esemtu,karnu-qarnu,uznu,inu,apu,Sinu,liSanu,birku,katu-qatu,irtu,kabatu,Satu,amaru,Semu,matu,teXu,SamSu,kakabu,mu,abnu,iSatu,Xulu,Sadu,muSu,malu,eSu,Sumu
AKKADIAN_2,AA,SEMITIC,-2,anaku,ata-ati,ninu,iStenu,Sina,awilu,nunu,kalbu,0,isu,0,maSku,damu,esemtu,qarnu,uznu,inu,apu,Sinu,liSanu,birku,qatu,tulu,amutu,Satu,amaru,Semu,matu,kaSadu,SamSu,kakabu,mu,abnu,iSatu,padanu,Sadu,muSu-liliatu,0,eSu,Sumu
AMEDYA_ARAMAIC,AA,SEMITIC,598000,ana,ahi,ax3ni,xa-xa7,tre-tre7,Xinsan-naSa,nuni8a,kalba,qalma,dara-siwa,tarpa,0,d3ma,garma,qana,na8a,ena,naxira,kaka,liSana,b3rka,ida,0,koda,Sat3y,xaz3y,Sam37,may38-dyaXa,38ya-qar3y,S3mSa,koxu8a,maye,kepa,nura,urxa-kolana,tura,lele,0,xa8a,S3ma
AMHARIC,AA,SEMITIC,21820220,3ne,an3-anCi,a5a,an,hul3t,s3w,asa,w3Sa,k3mal,zaf,k3t3l,koda,d3m,at3nt,k3n,joro,ayn,af3nCa,t3rs,m3las,gulb3t,3j,tut,gub3t,t3ta,ay3,s3ma,mot3-ar3f3,m3ta,s3hay,kok3b,w3ha,d3niya-d3nay,3sat,m3n3d,t3rara-gara,lelit,mulu,adis,s3m
AMHARIC_2,AA,SEMITIC,21820220,3ne,anE,35a,an,hulEt,sEw,asa,w3Sa,k3mal,zaf,kitEl,koda,dEm,at3nt,kEn,joro,an,af3nCa,t3rs,m3las,gulbEt,3j,tut,gubEt,tEta,ayE,sEma,mot,mEta,sEhay,kokEb,wuha,d3ngay,3sat,nEngEd,tErara,lelit,0,adis,s3m
AMHARIC_3,AA,SEMITIC,21820220,3ne,anta,35a,and,hul3t,s3w,asa,wuSa-w3Sa,k3mal,zaf,k3t3l,kod3,d3m,at3n,k3n,joro,ayn,3f3nCa,t3rs,m3las,gulb3t,3Z,tut,gub3t,t3ta,aya,s3ma,mot3,m3ta,tehay-s3hay-tay,kok3b,w3ha,d3ngay,3sat,m3ng3d,t3rara,let-lelit,m3lu,adis,s3m
ARABIC_CYPRIOT_SPOKEN,AA,SEMITIC,9760,ana,int-inti,naxni,vexen-vexte,8nayn-xnayn,0,0,kilp,0,0,0,salax-pkyislox,timm,0,0,i8n,Xayn,maxur,sinn-snan,san,0,it,pizz,kaspe,Sireb-pkyiSrab,kiSe-pkyakSaa,sime-pkyismaa,mat-pimut,Za-piZi,0,nnuZum,moe,xaZar,okit,0,0,layl,0,Zdiye,ism
ARABIC_GULF_SPOKEN,AA,SEMITIC,6779000,ana,inta-inti,ihna,wahid,i8nen,nafar,simaC,Calb,gamla,Sijara,wriga,jild,dam,xa8im,garn,idhin,xen,xaSim,sin,lisan,rikba,yad,sadir,Cibd,Sarab,Saf,simax,mat,ja,Sams,najma,may,hajar,nar-dav,tarig,jibal,lel,matrus,jadid,isim
ARABIC_LIBYAN_SPOKEN,AA,SEMITIC,3564000,ana-na-no,inta-inti,nihna,wohxad,i8nen,0,hxut,kalib,0,SuZor,urugo,Zilid,dam,Xodxum,gorun,wi8in,Xayn,xoSim,sinn,ilsan,rukbo,yad,0,kabda,iSrib,Sap,ismiX,mat,Za,Samis,najma,0,0,nor,zanga,Zibal,0,0,jidid,isim
ARABIC_NORTH_LEVANTINE_SPOKEN,AA,SEMITIC,25871950,ani,int-int3,neXni,w3Xad,tneyn,insen,nun,kal3b,amol,SaZar,wara7a,Zild,dam,Xazam,aran,3d3n,Xayn,m3nXar,s3n,lsen,rikbi,3d,sidr,k3bdi,S3r3b,Sef,s3m3Xa,m3t,3Za,Sam3s,niZmi,may,XaZar,nar,darab,Zabel,layl,m3lin,Zdid,3s3m
ARABIC_QURANIC,AA,SEMITIC,-2,ana,anta,naXnu,waXid,i8nani,insan,Xut,kalb,kumal,SaZar,warakat,Zild,dam,azm,0,un,Xayn,anf,sin,lisan,rukbat,yad,sadr,kabid,Srb,r7y,SmX,mwt,ty-j7y,Sams,kawkab,ma,XaZar,nar,tariq,Zabal,laylat,mal7an,Zadid,ism
ARABIC_SUDANESE_SPOKEN,AA,SEMITIC,16967000,ana,itt-itti,niXna,waXid-waXda,itnen,0,8amak,kalb,0,Sadara,0,8alax,0,Xadum,garn,adan,Xen,naxara,8inn,li8an,rukba,id,8adur,kabda,Sirib,Saf,8imiX,0,Ta,SamiS,xera8an,ma7,Xajar,nar,0,Tabal,ma8a,tyat,0,i8im
ARAMAIC,AA,SEMITIC,212800,ana,ah3t-ahat,axnan-axni,xa-xa7,tre-tre7,naSa-3nsan,nunita,kalba,qalma,siwa-dara,tarpa,g3lda,d3mma,garma,qana,nata,ena,naxira,kaka,liSana,b3rka,ida,x3dia,koda,Staia,xzaia,Sma7a,miata-mita,itaia,SimSa,kuxuta,maia-maie,kepa-qatra,nura,urxa-kolana,tura-zura,lele,m3lia,xata,S3mma
ARAMAIC_ANCIENT,AA,SEMITIC,-2,ana-ena,at,anana-Xnan,Xad,tren,barnaSa,nuna,kalba,kalma-kalmta,ilana,tarpa,maSka,dma-adma,garma,karna,edna-udna,Xaina,appa,Senna,leSSana,burke-arkubta,ida,tda-Xadia,kabda,eSti,Xza-Xa,SmaX,mit,eta,semSa,kawkba,maia,abna-kepa,nura,Sbila-kebSa,tura,lelia,mle,Xdat,Sma
ARGOBBA,AA,SEMITIC,43700,3yyo,Enk-EnC,3nnE,hEnd,k3t,su,EsE,woSSE,k3mEl,zEf,kEtEl,kodE,dEm,hEt3m,kEnd,joro,en,Eff3nTE,s3n,mElEs,gulbEt,3nji,tot,EmfEhE,SETTE,hEnjE,s3mma,modE,mEttE,TEhEd,kokob,ohuwwE,d3ngEi,3ssEd,hemE,gubbE,etE7,muli,hEgg3s,s3m
ASSYRIAN_NEO-ARAMAIC,AA,SEMITIC,598000,anaku,ata-ati,anenu,edu,Sina,amelu-napultu,nunu,kalbu,kalmutu,esu-gapnu,dapu-hashaltu,0,amanu,esentu,qarnu,hasisu,enu-inu,apu-nahiru,Sinu,liSanu,birku-burku,qatu-ritu,irtu-seretu,amutu,masitu-maSqitu,0,Samu,puru,alaku,SamSu-SanSu,kakubu,mame,abatu-abnu,anqulu-giru,daragu-geru,genu-hurSanu,muSitu-muSu,malu,eSu,nibitu
BIBLICAL_HEBREW,AA,SEMITIC,-2,ani,atah,anu-ananu,aXat,Stayim,enoS,dag-dig,keleb,ken,0,Xaleh,geled,dam,gerem,0,mlilah,Xayin,af,Sen,laSon,0,yad,dad-Xadi,kabed,gama7-Sa8ah,mareh,qaSab,gavaX,bo7,0,kokab,zarzif,eben,eSah,na8ib-oraX,0,XoSek,0,XadaS,0
CHAHA,AA,SEMITIC,1480000,0,0,0,at,xet,sab,asa,g3ya,q3mar,aTa,q3tar,goga,dam,at3m,qan,3nz3r,en,afuna,s3n,anabat,girbat,aT,tu-data,xapt,saTa,aSa,sama,mota,Tana,3yat-Tet,xoxab,3xa,3m3r,3sat,ema,qato,m3sara,0,gadar,S3m
CAIRO_ARABIC,AA,SEMITIC,58412000,ana,inta,iXna,waXid,itneen,Saxs,samak,kalb,7amla,Sagara,war7a,gild,damm,Xadma,7arn,widn,Xen,manaxiir,sinn,lisan,rukba,id,nahd,kibda,Sirib,Saf,simiX,mat,ga,Sams,nigma,mayya,Xagara,nar,tari7,gabal,lela,malyan,gidid,ism
CHRISTIAN_PALESTINIAN,AA,SEMITIC,24000,0,0,0,Xd,tryn,0,nwn7,klb7,0,7yln7,0,0,0,0,qrn7,dn7,Xyn7,0,Syn7,lySn7,0,7yd7,0,0,7Sty,Xm7,SmX,myt,7t7,SymS7,0,my7,0,nwr7,7wrX7,twr7-twr7,lyly7,0,Xdt7,0
CLASSICAL_ARABIC,AA,SEMITIC,-2,7ana,7anta,naXnu,7aXad,i8nani,7insan,samak,kalb,qamlah,Sajarah,waraqat,jild,dam,Xa8m,qarn,7u8n,Xayn,7unf,sinn,lisan,rukbat,yad,8adiy,kabid,Sariba,ra7a,samiXa,mata,ja7a,Sams,kaukab-najma,ma7,Xajarah,nar,tariq,jabal,laylah,mal7an,jadid,ism
CLASSICAL_MANDAIC,AA,SEMITIC,-2,ana,anat,anin,had-hda,trin-Xtrin,0,nuna,kalba,0,Xlana,alua,0,dma-zma,germa,qurna,odna,eyna,enhira,Sina,liSana-liSan,burka,yad,sapta-hadia,kabda,Sta-miStia,0,miSma-masutia,0,mitia,SameS,kukba,meya-may,g3lala,nur-nura,derka-biria-ohra,tor-tora,lilya,m3li,0,Som
CLASSICAL_SYRIAC,AA,SEMITIC,-1050,ina,at-at,Xnan-inanan,Xad-Xa8,trein,naSa,nuna,kalba,0,ilana,0,0,d3ma,0,qarna,idna,Xaina,0,Sina,liSana,0,ida,t38a,0,iSti,Xza,SmaX,mit,ita-mta,SimSa,0,maya,kipa-abna,nura,urXa,tura,lilya-laile,0,Xdit,Sma
DAMASCUS_ARABIC,AA,SEMITIC,25871950,7ana,73nte,n3Xna,waXed,tnen-tinten,zalame,samak,kalb,7amle,Sajara,wara7a,j3l3d,damm,Xadme,7ar3n,73d3n,Xen,73nf,s3nn,lsan,r3kbe,7id,b3zz,k3b3d,S3reb,Saf,s3meX,mat,73ja,Sam3s,najme,mayy-mayye,Xajara,nar,tari7,jabal,lele,malan-malyan,jdid,73s3m
DELLYS,AA,SEMITIC,28827000,ana,nta-nti,Xna,waX3d,zuj,bnad3m,Xuta,k3lb,q3mla,S3jra,w3rqa,j3ld,d3mm,X38ma,g3rn,w83n,Xin,nif,s3nn,lsan,0,y3dd,0,k3bda,Sr3b,Suf,sm3X,mut,yi,S3ms,n3jma,ma,X3jra,nar,triq,jb3l,lil-lila,mX3mm3r,jdid,as3m
ETHIOPIC,AA,SEMITIC,-2,ana,anta,neXna,aXadu,kel7e,egwalaemmaXeyaw,XaSa,kalb,qwemal,Xed,qwasl,ma7es-anada,dam,Xadm,garn,ezn,Xayn,anf,senn,lesan,berk,ed,anged7a,kabd,sataya-Saraba,re7eya,samXa,mota,mas7a,daXay,kaukab,may,ebn,esat,fenot,dabr,lelit,melu7,Xaddis,sem
GAFAT,AA,SEMITIC,-1850,EnEt,0,3ni,3yE,3l3StE,sEwE,EsE,woSE,kemEliS,zEfE,kEtEliS,gEgE,dEmE,EsmE,kEne,3znE,inE,EfE,0,m3lEsE,0,dede,towE,0,titE,0,0,0,sElE,sEgElE,kokobE,EgE,dEnE,isEtE,0,EmE,lilE,0,EdEsE,s3mE
GEEZ,AA,SEMITIC,-2,an3,k3-ant3,n3n3,aXadu-aXati,k3l7e-tu,akal,XaSa,k3lb,q3mal,X3L-om,q3cl,mas-adim,d3m-zom,XaLm,q3rn,3zn,Xan,anf,s3n,l3san-m3las,b3rk,3d,t3b,k3bd,s3t3y3,r37ay3,s3ma,mot3,m3sa,L3hay,kok3b,may,3bn,3sat,m3ng3d-f3not,d3b3r,lelit,m3lu7,Xadis,s3m
GEEZ_2,AA,SEMITIC,-2,3nE,anE,n3XanE,ah3d,k3l37etu,sE73b,Xase,kElb,k3mal,X3sE,kos3l,ma73s,dEm,Xas3m,kErn,3z3n,X3n,anf,s3n,l3san,b3rk,3d,t3b,kEbd,sEt3yE,r373yE,sEma,motE,mEs37a,sEXay,kokEb,may,3b3n,3st,f3not,dEb3r,lelit,0,Xadis,s3m
GEEZ_3,AA,SEMITIC,-2,ana,anta,n3Xna,aXadu,k3l7e,b373si,Xasa,kal3b,k3mal,X3d,kac3l,maX3s,dam,Xac3m,karn,3z3n,Xayn,anf,s3n,l3san,b3rk,3d,ang3d7a,kab3d,sty,r7y,smX,mwt,mc7,daXay,kokab,may,3b3n,3sat,f3not,dab3r,lelit,m3lu7,Xadis,s3m
GETO,AA,SEMITIC,1480000,3ya,axE,y3na,at,xet,sEb,asa,g3yE,k3mar,atank3rt,n3z3r,goga,dEm,at3m,0,3nz3r,En,anfuna,s3n,anEpEt,0,Ej,tu,xEbt,sECE,aSE,sEma,motE,CEnE,CEyEt,xoxep,ixa,3m3r,3sat,mEya,koto,m3sarE,0,gEdEr,S3m
HARARI,AA,SEMITIC,25800,En,0,innET,EXEd,ko7ot,usu7,tulEm,boTi,kumEi,lEfu,koti,gogE,dEm,at,kEr,uzon,in,uf,0,ErrEt,gilib,iji,to7t,kud,SETE,0,0,0,dijE,irr,tun,mii,on,isEt,0,sEri,orti,0,XEjis,sum
HARARI_2,AA,SEMITIC,25800,an,aka,35a,aXad,ko7ot,usu7,tulEm,buCi,kumay,lEfu,kuti,goga,dEm,at,kEr,uzun,in,uf,s3n,arat,g3lib,iji,tot,kud,sECa,ri7a,sEma7a,dija,magEda,ir,tuy,miy,un,isat,uga,sEri,lEyli-leli,mulu7,Xajis,sum
HARSUSI,AA,SEMITIC,600,hoh,het-etom,neha-eti,ehad-tad-wahed,tero-teret,benedem,het-sayd,kob-mabayl,kenemot,herom,0,dehak,dore7,zayz,kon,meSme7-heyden,ayn,nxerir,metenet-mezreh,leSen,bark,kef-hayd,todi,Sebdet,tek-gero,seni,homa,gab-mot,noka,heyom,kebkib,heko,sewer,sewet-emserfot-zawt,rosem,kermayn,aSer,mele7,heydin,hem
HEBREW,AA,SEMITIC,4822400,ani,ata-at,anaXnu,eXad,Snayim,adam,dag,kelev,parXoS,Xec,Xale,Xor,dam,Xecem,keren,ozen,Xayin,af,Sen,laSon,berex,yad,Sad,kaved,Sata,ra,SamaX,met,ba,SemeS,koxav,mayim,even,eS,Svil,har,layla,male,XadaS,Sem
HERTEVIN,AA,SEMITIC,1000,ana,ahet,ahnah,hda,terte-te,naps,nuna,kalwa,0,ilana,tarpa,0,dema,garma,0,nata,0,poza,kaka,neSala,berka-goCa,ida,sadra,0,Staya-Sate,haze-hazya,Samex-Samxa,mayet-meta-meti,xate-xaCa,0,zarzura-kehuta,maye,kepa,nura,warha,tura,lele,melya,hdata,Sema
HOBYOT,AA,SEMITIC,100,ho,het-hit,nah,tat-tit,i8roh-i8rit,bnad3m-insi,sad,kob,kinmit,h3rmit-L3jret,sqalfot,jod,8or,iLeL,kun,Xa8en,an,n3rir,m83not,lSan,bark,Xid,8od3,S3bsit,hotki,L3nu,him37,mot,nuk37,Xum,k3bkib,Xoh,sor,Liwot,Xor3m-L3jrit,j3bel,as3r,m3lun-mili,Xadin,hum
INNEMOR,AA,SEMITIC,280000,iiE,0,inE,Et,w3r7et,sEb,EsE,g3iE,3mEr,erE,kEhEr,gogE,dEm,a73m,kEn,3n3r,er,EmunE,0,EnEbEd,gurmEn,Ey,tu,0,sETE,0,0,0,mEhE,EiEd,xExEb,3xE,3m3r,3sEd,0,koto,m3SEdE,0,gEdEr,0
IRAQ_MUSLIM_BAGHDAD_ARABIC,AA,SEMITIC,15379000,7ani,7inta,7iXna,waXid,8nen,Saxis,simiC,Calib,gamla,Sajara,warga,jilid,damm,Xa8ma,girin,7i8in,Xen,xaSim,sinn,lisan,rukba,7id,nahid,kabda,Sirab,Saf,simaX,mat,ja,Samis,najma,may,Xjara,nar,tariq,jibal,lela,malyan-matrus,jidid,7isim
JILU,AA,SEMITIC,598000,ana,at-at3n-et-et3n,axnan,da-xe,tre-t3rte,naSa,0,kelba,0,ilana,0,0,d3mma,germa,kana,0,ena,nexira,0,0,b3rka,ida,0,0,Sta,xza,Sma,mya,iya,S3mSa,k3xwa,miya,kipa,0,orxa,tura,lele,m3lya,xiya,0
KUWAITI_ARABIC,AA,SEMITIC,6779000,0,0,0,waXid,i8nen,0,simaT,Calb,0,iSyara,0,0,0,0,garn,i8in,Xain,0,sin,lsan,0,id,0,0,Sarab,Saf,samaX,mat,ya,Sams,0,may,0,nar,darb,Tabal,lela,0,yidid,0
LISHAN_DIDAN,AA,SEMITIC,6450,0,0,0,xa,tre,0,masita,kalba,0,ilana,0,0,0,0,qanana,nahalta,ena,0,kaka,liSana,0,ida,0,0,Sati,xazi,Sami,mayil,adi,SimSa,0,moe,0,nura,wirxa,tura,lele,0,xala,0
MALTESE,AA,SEMITIC,473910,yiEnE,inti,aXna,wiEXEt,tnEn,pErsuna,Xuta,kElp,amla,sijra,wEr7a,jilda-oSra,dEm,Xadma,arn,widna,Xan,imniEXEr,sina,ilsiEn,irkoba,it,sidEr,fwiEt,Sorp,ra,tisma,tmut,tiji,SEmS,kEwkba,ilma,Xajra,nar,modiya,muntana,lEl,mimli-smin,jdit,isEm
MALTESE_ARABIC,AA,SEMITIC,473910,yin,int,aXna,wiXed,tneyn,persuna,Xuta,kelb,7amla,sijra,wer7a,jilda,demm,Xadma,7arn,widna,Xayn,imniXer,sinna,lsin,rkobba,id,ZeyZa,fwid,Sorob,ra,sama7,mit,ji,SemS,stilla-kewkba,ilma,jebla,nar,tri7,muntanya,leyl,mimli,jdid,isem
MALULA,AA,SEMITIC,24000,0,0,0,aXa8,i8r,barnaS,0,0,0,0,0,0,0,0,0,0,Xana,0,0,liSona,0,i8a,0,0,0,emi,iSmeX,ame8,8ole,SimSa,0,moya,xefa,0,tarba,tura,lelya,0,0,eSma
MEHRI,AA,SEMITIC,115200,hu,het,naXa,tad,tru,ben-adim-adam,Xut,kop-kalup,kenmit-kunut,sijrit,sgafot,jildit,dore,adayd,qon,hayden,X7ayn,naxrir,mdaraX,liSin,bark,Xeyd,todi,Sebedit-todi,tiq-jora,galoq-sini,hima,miut,inka,Xeyum,kobkib,Xamu-moh,Xaubin-sour,siwot,wagad-sedet-Xourem,karmaim-jibel,Xaliliu,mile,hayden,ham-Xam
MEHRI_2,AA,SEMITIC,115200,hoh,hit,nXah,tat-tayt,deroh,n3far,cayd,mbayl,kenmit,h3rmayt,cxalfot,gEd,doreh,XaZyZ,kon,haydin,Xayn,neXrir,mdenyet,lSin,barak,Xayd,gowf,Sebdit,hutki,sinuh,hema,mot,nukaX,X3yum,kebkib,Xemuh,cower,siwot,Xirum,karmaym,Xacar,mila7,Xeydin,ham
MESMES,AA,SEMITIC,-2000,hiiE,0,3nE,hEti,wo7Eti,s3we,0,giie,kuwEnE,ie7e,ko7orE,gogE,do,hEwE,konE,onzurE,3n,EnfonE,0,EnnodE,gonodE,3yE,tuiie,fore,sETo,0,0,0,mE7Eie,ime,hohoie,ohE,onE,3sEde,0,EniE,hEonSode,0,woiEmo,Sum
MESMES_2,AA,SEMITIC,-2000,hiya,ahe,3na,hati,wu7Eti,s3we,0,giye,kuwana,ye7e,ko7ora,goga,do,hauwa,kona,unzura,3n,anfuna,s3ne,anoda,gunoda,3ja,tuwiye,fore,sECo,hayo-hayyo,soma,moto,ma7a,ime,hohoye,uha,ouna,3sade,moya,ana-a5a,hawonSode,0,woyamo,Sum
MESQAN,AA,SEMITIC,195000,3yE,0,inE,Et,het,sEb,EsE,g3i3,k3mEl,zEf,k3tEl,gogE,dEm,Et3m,0,3nzin,en,EnfonE,0,ElEmEt,0,3jE,0,hEb3d,sETE,0,0,0,TE53,Tet,kelbEz3,3gE,3m3n,3sEt,0,EnE5E,m3sEr3,0,gEdEr,S3m
MLAHSO,AA,SEMITIC,-1998,ono,hat,el3na,ha,0,noSo-noSko,0,kalbo,0,ilone,pale-tarfe,0,dmo,garmo,0,ezno,ayne,nhiro,arSe,leSono,berko,izo,hazyo,0,Sotw-stele,hoze-hzele,Some7,mes-misle,sy,SemSo,kokvo,may-mayo,kifo,nuro,yerho,turo,lilyo,mlese,0,iSmo
MODERN_MANDAIC,AA,SEMITIC,5500,0,at,eni-anin,ehda-heda-yeki,tren-tarta,barnaSa,fonida,kalba,qomolta,deraXt-qonara,pEr,meSka,d3ma-edma,germa,SaX-qarna,odna-onna,in-ina,nehira,Senna,liSan-liSana,borka,id-ida,sine,kabda,Sat,heza,sat,met-meXtat,ata,SameS,koXba,men-mena,gelala-gelalta,nur-nura,ohra,tora-rabba-agma,lili-lilya-lili,0,taze,eSma-oSma
MOROCCAN_ARABIC,AA,SEMITIC,23060100,Ena,3nta-3nti,X3na,woX3d,zuZ-ZuZ,insEn,Xota,k3lb,0,S3Zra,w3rqa,Z3l3d-Z3ld,d3m,X3d3m,g3r3n-q3r3n,w3d3n,3X3n,m3nx3r-nif,s3na,l3sEn,rukba-rokba,id-y3d,b3zula,k3bda,S3r3b,n3d3r-SEf,s3m3X,mEt,Za,3s3ms-3s3mS,0,ma,X3Zra,Xofa,0,Z3b3l,lil,Xom3r,Z3did,s3m-s3m3ya
MOROCCAN_ARABIC_2,AA,SEMITIC,23060100,ana,nta,Xna,waXed,ZuZ,siyed,Xut,kelb,qemla,SeZra,werqa,Zeld,demm,Xdem,qern,wden,Xeyn,nif,senn,lsan,rokba,idd,bezzula,kebda,Sreb,Saf,smeX,mat,Za,SemS,neZma,ma,XeZra,Xafya,triq,Zbel,lila,Xamer,Zdid,smiya
NEO_MANDAIC_KHORRAMSHAHR,AA,SEMITIC,5500,Ena-En,ot,Eni-En,Ehta-Ehdo-yE,do-tren,barnoSo-barnoS,fonido,kElbo,q3mol8o,d3rEXt,pEr,mESko,d3mo-zEmmo,gErmo,qarn,onno,ino,n3hiro,SEnno,lESono,borko,ido,0,kEbdo,Swt-Syt,hzw-hzy,swt-syt,mwt-myt,7tw-7ty,SomES,koXwo,miEno,g3lolo-g3lalto,nuro-nur,ohro,tEl-turo,lilyo,mlw-mly,0,ESmo-ESm-Som
NIGERIAN_ARABIC,AA,SEMITIC,1563000,ana,inta,anina,wahid,tinen,nadi-nadum,samaka-Xuta,kalb,0,Sadara,waraga,jilde,damm,adum,garn,dan,en,munxur,sinn,lisan,rukuba,id,ded,kibde,Sarab,Saf,simi,mat,ja,Sam,najima,alme,hijer,nar,Sari,hajar,lele,mal7an,jadid,isim
OGADEN_ARABIC,AA,SEMITIC,0,ana,ana,niXin,waXid,tinen,rajul,samak,kalb,qumal,Sajar,waraq,jisim,dam,Xa8im,qarn,u8un,Xen,anf,sin,lisan,rukba,yad,8ari,kabd,Sarab,Saf,samaX,mat,aja,Sams,kokab,moya,Xajar,nar,tariq,jabal,lel,0,jadid,isim
PALESTINIAN_ARABIC,AA,SEMITIC,6798000,ana-En3,int3-inti,EXn3,waXad-Xad,8nen,SaXis,0,CElb,0,Sajar3,warak3,jild3,dEmm,Xa8ma,0,widin-8En,Xen,munXar,snan,ulsEn,0,id,0,kibd3,Sorab-iSrEb,Suf,0,mut,taXal-iji,SEmis-Simis,0,mayy,Xajar,nar,tarik-sinna,0,lela-lel,m3lEn,0,isim
PHOENICIAN,AA,SEMITIC,-2,0,0,0,7Xd,Snm,7dm,0,0,0,0,0,0,0,0,0,0,Xn,0,0,lSn,0,yd,0,0,0,Xzy,SmX,mt,b7,SmS,0,mym,7bn,0,drk,hr,ll,0,0,Sm
PROTO_SEMITIC,AA,SEMITIC,-2,0,0,0,0,0,0,0,kalb,0,iS,0,maSk,dam,atm,0,udn,ayn,anp,Sin,liSan,birk,yad,S3r,kabid,Sty,0,0,mwt,0,SamS,kabkab,may,abn,iSat,0,k3rm,layliy,0,0,0
SABEAN,AA,SEMITIC,-2,7n,7nt-7t,0,wXd,kly-8ny,7nL-mr7,0,0,0,0,0,0,0,0,0,0,Xyn,0,0,lLn,0,yd-7d,0,0,0,r7y,LmX,mwt-myt,7tw-m87,smL,0,mw,7bn-Xgr,0,fnwt-7rx,Xr,lyl-ll,0,0,Lm
SAN_ANDRES_ARABIC_1,AA,SEMITIC,25871950,ana,enta,nana,uaxed,itnaen,Saks,samak,alb,0,SaZar,warak,Zult,dam,ad3m,0,0,0,0,0,lsen,r3kb3,iad,0,0,Sur3b,0,0,maut,0,Sams,naZum,mai,haZar,nar,tar3k,Zabal,lael,melen,Zadid,Esem
SAN_ANDRES_ARABIC_2,AA,SEMITIC,25871950,ana,ent,nana,uaxad,itnaen,insen,samek,qalb,0,SaZara,wara,Z3lt,dam,ad3m,0,0,0,0,0,lsen,r3kbe,iad,0,0,i7aSarab,0,0,mut,0,Sams,neSmi,mai,haZar,nar,tarik,ZabEl,lael,malen,iSdid,Esem
SAN_ANDRES_ARABIC_3,AA,SEMITIC,25871950,ana,enta,nana,uaxed,itnaen,SaXes,samak,aleb,0,SaZara,waraka,Zult,dam,ad3m,0,0,0,0,0,lsen,r3kbe,i8en,0,0,aSorob,0,0,maut,0,Sames,nZum,mai,hazar-haZar,nar,tarik,Zabal,lel,malen,Zdi8,Esem
SAURI,AA,SEMITIC,25000,he,het-hit,nXa,tad,tro,erdem,aXtot,ekob-kelbit,kunut,herum,seglif,god,dor,Xadid,qun-qayrun,iden,Xayn,naxrir,Sun,elSinet,erkebet,ed-eyd-dags,tedi,Sibdit,Stiq,galoq,SiXa5,Xarog,nuka-zXam,Sum-Sam,kibkib,mi,fdun-fedun-nugr,sot,orim,gel,aser,i5li,idun,Sum
SHEHRI,AA,SEMITIC,25000,he-he7,hEt,nan,tad,troh,Ensi,cod,kob,sinit,heyrom,cxiZfot,god,dohr,XayCeC,kuhn,idEn,Xihn,nahrer,Snin,ElSEn,bErk,ed,toE7,Subdet,Susi,Sini,SiX,harog,nikaX,yum,k3bkeb,mih,fudun,Sot,orm,her,Xac3r,miZi7,odin,Sum
SILTE,AA,SEMITIC,935000,0,0,i53,3d,0,0,0,buCo,kmal,int,0,g3lb3,d3m,3tm,0,0,in,0,0,0,0,3nj,tub,0,0,0,0,0,0,0,0,m3y,un,0,0,0,soz3,0,0,0
SODDO,AA,SEMITIC,255000,3di,0,35E,Et,kit,sEb,EsE,wosE,k3mEl,zEf,k3tEl,gogE,dEm,Et3m,k3r,3nz3n,in,EnfunE,0,mElEs,gulbEt,wy,t3buiiE,g3bot,sETEm,0,0,0,mEtEm,i3mEr,kokEb,igE,3mEiE,wsEt,0,gEgErE,mESEmEn,0,Edis,S3m
SOQOTRI,AA,SEMITIC,71400,ho,het-hit,Xan,tad,tro,Xey,Xot,kalb,konem,heram-Serehom,Xes,gald-gad-sirhi,dur,seXloh,qan,idihen,Xain,Naxrir,saXal,leSin,berk,Xed,qotl,Sibdeh,rwy-re-neSiz,sini,hemaX,same,nk7,Sam,kibSib,riho,oben,siat,Xorim,fedehon,lilhe,ml7-md,Xazi,Sem
SOQOTRI_2,AA,SEMITIC,71400,hohon,0,hanhen,tad,tiro,Xag,sode,kalb,konum,Sirohom,saXlifo,gad,dEr,sahlo,kan,idih3n,Xayn,nahrir,Xale,leSin,bark,e7ed,todi,Sibde,re,Sini,hemaX,same,gedah,Sam,kibSib,riho,oben,Siyat,orim,fedehon,hte,mili,gadid,Sem
SOUKHNE_SYRIAN_ARABIC,AA,SEMITIC,15379000,ana,iXna,imi,weeXdi,SaCara,insan,samaCi,Calb,kaml,sinn,waraka,Cild,damm,Xa8m,girin,i8n,Xen,xiSm,lsin,int,ruCbi,ed,8idi,0,iSrib,Saf-tass,ismiX,mat,aca,Sams,niCmi,8nen-nel,XaCar,nar,tarik,Cabal,leli,malyan-madmuC,Cadid,ism
STANDARD_ARABIC,AA,SEMITIC,-2,EnE,EntE-Enti,nEnu,wEXid,i8nEni,SES-insEn,sEmEk,kElb,0,SEjErE,wErEqo,bESErE-jild,dEm,XEzm,0,u8un,XEin,Emf-Enf,sin,lisEn,rukbE,yEd,0,kEbid,SEribE,rE7E-yErE,sEmiXE-istEmEXE,mEtE,jE7E,SEms,nEjm,mE7,XEjEr,nEr-XEriq,toriq-dErb,jEbEl,lEilE,mEli7,jEdid,ism
SUDANESE_ARABIC,AA,SEMITIC,16967000,0,0,0,0,0,insan,0,kalib,0,Sajara,safaga,0,0,0,garin,Xadan,Xen,0,sin,0,rukba,id,sadr,0,0,0,0,0,0,0,najma,0,Xajar,0,0,jabal,0,0,0,0
SYRIAN_ARABIC,AA,SEMITIC,25871950,EnE,3nte-3nti,n3nE,woXed,tnen,SEx3s,sEmEke,kElb,omle,SEZErE-ESZEr,wEro7o,Z3l3d,dEm,Xodme,or3n,3d3n,Xen,m3nxEr-3nf,s3n,lsEn,r3kbe,id,s3d3r,k3b3d,S3reb,SEf,s3meX,mEt,3ZE,SEm3s,nEZme,moy-moye,XoZEr-XoZErE,nor,dErb-toru7,ZEbEl,lel,mElEn-mElEn,Zdid,3s3m
SYRIAC,AA,SEMITIC,-1050,ena,ant,Xnan,Xadh,treyn,bar7naSa,nuna,kalba,qalmtha,ilana,tarpa,meSka,dma,garma,qarna,edhna,Xaina,nXira,Senna,leSana,burka,idha,Xadya,kabhda,eSti,Xza,SmaX,mith,etha-mta,SemSa,kaukbha,mayye,kepha,nura,urXa,tura,lelya,mle,Xadhtha,Sma
SYRIAC_2,AA,SEMITIC,-1050,ena,at-ant,X3nan,Xad,taren,barnaS,nun,kalb,kalm3t,ilan,tarp,meSk,d3m,garm,karn,edn,ayn,neXir,Sen,leSan,burk,id,Xady,kabd,Sty,Xzy,SmX,myt,ty,SemS,kawb3b,maye,k3p,nur,urX,tur,lely,m3le,Xad3t,S3m
TIGRE,AA,SEMITIC,1390000,ana,inta,Xina,orot,klot,adam-nafar,XaSobat,kalib,kamalat,iCyat,katfat,garob,dam,XaCim,kar,idin,Xen,anif,nib,lisan,birik,ide,tib,kabdat,sata-site,ra-lire,samXa-simaX,mota,mat7a,intay,kokab,may,ibanat,isat-nad,gabay-garabit,dabir,lali,mulu7,jadid,sim
TIGRE_2,AA,SEMITIC,1390000,ana,3na,X3na,woro,k3lot,adam,Xasa,kal3b,k3mel,X3cat,kataf,karbat,dam,Xasim,kar,3z3n,X3n,an3f,anab,n3sal,0,3de,t3b,kabdat,sata,ra7a,sama,mota,masa,saXay,kokab,may,3b3n,3sat,gabay,dab3r,lali,0,Xadis,s3m
TIGRIGNA,AA,SEMITIC,7747400,ane,n3s3ka,n3Xna,Xada,k3l3te,sab,Xasa,kalbi,kw3mal,om,qasli,k3rbat,dam,Xasmi,karni,3zni,Xayni,af3nCa,s3ni,malXas,b3rki,id,darat,kabdi,sataya,ra7aya,samXe,mota,mas7e,saXay,kokob,may,3m3ni,Xawi,mangadi,3mba,layti,mulu7,Xadis,s3m
TIGRINYA,AA,SEMITIC,7747400,an3,ka-anta,n3na,Xad3-Xanti,k3l3t3,akal,Xasa,k3lb,q3mal,X3ns3ti-om,q3sli,q3rb3t-adim,d3m,Xasmi,q3rni,3zn,Xan-Xay3an3,af3nCa-Sanf3t,s3ni,l3san-m3las,b3rk,3d,tub,s3lam,s3t3y3,r37ay3,s3me,mot3,m3se,s3hay,kok3b,may,3mni,3sat,m3ng3di-f3not,d3b3r-3mba,l3ti,m3lu7,Xadis,s3m-S3m
TIGRINYA_2,AA,SEMITIC,7747400,anE,n3s3xa,n3na,XadE,k3ltE,sEb,Xasa,kElbi,kumal,om,kEsli,korbEt,dEm,Xatsmi,kErni,3zni,Xani,af3nCa,s3ni,mElEs,b3rki,id,tub,tafiya,sEtEyE,rE7ayE,sEmE,mote,mEs7e,seXay,koxEb,may,3mni,Xawi,mEngEdi,3ma,lEti,0,XadiS,s3m
TRIPOLI_JEWISH_ARABIC,AA,SEMITIC,3564000,EnE,nE-ni,XnEn,woXEd-wEdE,tnin-zuz,bnEd3m,XoC-XoCE,k3lb,0,sz3r-s3zrE,0,Z3ld,d3m,Xdom-XEdmo,0,0,Xen,XS3m-XS3m,s3n,lsEn,0,0,b3zunE-sdor,kobdE,Srob,0,0,mEC,0,s3ms-s3ms,0,mE-moyE,XZ3r,XEfE-Xreqo-nor,SErEX-treq,Zb3l-Zb3l,lilE,m3lEn-m3lEn,Zdid,sEmi
TUNISIAN_ARABIC_MAGHRIB,AA,SEMITIC,11440900,EnE,intumE,EXnE,wEXid,8nin,Saxs,Xut,kElb,qamlE,SZar,warqa,Zild,dEm,8am,garn,w8in,in,xSEm,sinnE,lsEn,rukbE,yid,bazzulE,kibdE,uSrub,Suf,EsmE7,mut,iZE,SEms,niZmE,mE,XaZra,nar,mEmSE,ZbEl,lil,mibbi,Zdid,ism
TUROYO,AA,SEMITIC,99000,ono,hat,xahna,ha-hdo,tre,xisan,n3nto,kElbo,nawto-qalmo,dawmo-lilono,waraqto,gEldo,xEdmo,garmo,qarno,xadno,Eyno,nhire,arSo,liSono,barko,xido,sadro,0,0,hoze,0,0,xati,S3mSo,0,maye,kefo,nuro,darbo,turo,0,malyo,hato,x3Smo
UGARITIC,AA,SEMITIC,-2,an-anaku,ata-at,0,aXd,8n,adm-bunuSu,dg,klb,0,Xs,0,Xoru,dm,X8m,qrn,udn,Xn,apu,Sn,laSanu,brk,yd,8d,kbd,Sty,amr-Xdy,SmX,mt,atw-b7a,SapSu,kbkb,my,abn,iSitu-nr,ntb,gbl-xr,ll,0,Xd8,Sm
URMI,AA,SEMITIC,598000,3n3,3t,3n3-3n3n,x3,tre,n3S3,0,0,0,0,0,0,0,0,0,0,ana,0,0,liS3n3,0,id3,0,0,0,xz3y3,Smaya,m3t3,t3y3,SimS3,0,miy3,kip3,0,urx3,tura,leli,0,0,Sim3
WALANI_SILTE,AA,SEMITIC,0,3he,atE,353,3d,hoit,sEb,asa,buCo,kumal,3nCi,kutEl,goga,0,at3m,kEr,3z3n,in,bErbEri,3s3n,arimEt,b3rk,3n,tub,k3bt,0,0,0,0,0,air,kokob,me,un,jira,uN3,0,arot,0,ajis,sum
WESTERN_NEO_ARAMAIC,AA,SEMITIC,24000,EnE,hECC,EnEX,EXXEz-eXzE,isri-sErC,bErnoSE,sEm3TtE,xElpE,0,0,0,xeltE,ezmE,xermE,0,eznE,XEynE,0,SennE,0,rxoppsE,izE,0,0,0,iX3m,yiSmEX,myt,sole,SimSE,xEwTEpsE,mo-moyE-mu,xefE,nurE,terbE,turE,lelyE,0,XECC,eSmE
YEMEN_SANAANI_ARABIC,AA,SEMITIC,7600000,7ana,7ant,Xna,waXid,8intayn,Saybeh,Xut,kalb,gamleh,Sijareh,waragih,jild,damm,Xa8ma,garn,7i8n,Xayn,nuxreh,sinn,lisan,rukbih,iad,sadr,kabdih,Sirib,ibsar,simiX,mat,ja7,Sams,najm,maa7,Xajar,nar,tarig,jabal,layl,matrus,jadid,7ism
ZWAY,AA,SEMITIC,4880,eiE,0,35E,hEd,hoit,sEb,0,g35i,k3mEi,3ntet,k3tei,gugE,dEm,hEt3m,kEr,3z3n,in,n3ft,0,ErEmEt,gulbEt,3nyi,tub,gobut,sETin,0,0,0,mEttEn,Erit,kokEb,mEi,umon,yirE,0,sEri,Erut,0,woirE,s3m
ARI,AA,SOUTH_OMOTIC,285000,ita,ana,wota,w3lEka,kastEn,Ed,toila-tola,aksi,kasa,axa,kEla,azi,zomi,lEfi,koS3ma,kam,afi,nuki,aci,adim,buqa,an,ami,turi,woCa,SEde,kamska,dEs,kor,hay,manka,noka,seni,nowa-noa,gogi,gEmEr,Tumi,0,kila,nami
BANNA,AA,SOUTH_OMOTIC,74500,ina,ya,wodi,kola,lama,Edi,kara,qaski,qasa,haqa,aCa,Ebe,maq3s,lEfa,qoSo,qami,aei,nuki,aci,at3pa,buko,ani,qaqa,torobo,wuCa,SEda,qansa,di7idi,ni7a,hai,manka,noqo,seni,nu,qoti,Tuka,soti,0,hali,nabi
DIME,AA,SOUTH_OMOTIC,570,ato,yau,woto,okEl,kastEn,eyu,oro,kEno,garso,haxo,Ergo,biCo,makso,kos,uSum,kamo,apo,nuko,Eco,edin,boq,ano,imo,tato,wuCa,ingo,kamso,laTn,sad,eyo,bez,n3xo,lal-lalo,nunu,g3S,Edo,gElt,0,wolugo-wolgo,napo
AASAX,AA,SOUTHERN_CUSHITIC,350,0,0,0,kinde,Lam,7iduk,siNiri,kite,7ita,kaSiN,debiya,0,sa7aka,farit,hadoN,iatara,ilat,iriNa,liga,Seferank,Nuluet,moNok,liba,dowo,wat,7adam,has,ga,dah,7ajit-7ajet,7alalaia,ma7a,de7ok,iogot,Simut,de7ok,eramesa,haS,7amba,7imok
ALAGWA,AA,SOUTHERN_CUSHITIC,30000,ana-i,ki-ku,danda-or,wak,tsar,heru,daraXasu,gweXera,itino,xa7imo,loXi,Laqwa,tsere,fara,xarimo,e7a,ila,0,sihino,tsufara,gurunguda,daba,isa7amu,da7aye,kitaX,ar,axas,gwa,xaw,lala7a-lele7a,titsa7i,ma7ay,tla7Xa,aLa,amo,danda,amasi,hatsis,Xab,uma
BURUNGE,AA,SOUTHERN_CUSHITIC,13000,0,0,0,leN,Tad-Tada,hedi,samaki,gwehera,7ita,xa7imo,loxiya-hlufa,fala,Tede,fara,xadaN-paranda,7e7a,7ila,7urunga,7atlimo,TufaraN,gurugunda,0,7saN,jxaye,kidahu,haxari-7arima,7axasara,hamara-gwa7ara,xoTa,letu,tiTaxu,ma7ay,tla7a,7ahla,7amo,7oN,7amasi,hata-haTara,xabi,7uma
INNER_MBUGU_BUMBULI,AA,SOUTHERN_CUSHITIC,7000,ani,ari,nini-nne,we,nu,mmu,samaki,idiye,kiLo,mXatu-mhatu,ihupi,zuna-po,sako,ifwara,luharemo,ilama,i7ila,nuNa,i7iki,lu7anda,imuro,izogera,i7asemu-yasemu-inunu,itirao,waha,aho-aXo,ko,benesi-ga,lita,i7aze,ntondwe,ma7i,isahu-isaheru,ahla,kwa-kwaLi,lubwa7o-ixamba,ama,hu,ti7ale-ku7a-ku7ale-ale,iLe
IRAQW,AA,SOUTHERN_CUSHITIC,462000,aniN,kiN-kuNga7,aten,wak,tar,he,siyo,se7ay,itna,xano,loXi,kahari,tere,fara,xarmo,i7a,ila,duNa7,siXino,tifraN,guruNgura,dawa,isaN,da7aye,wah,ar,axas,ga7,xaw,lo7a,tataX,ma7ay,LaXa,asla,lohi-irwa,Loma,xera,hat,Xaben,uma
IRAQW_2,AA,SOUTHERN_CUSHITIC,462000,ani,kuN,atEn,w3k,sar,he,siyo,se7ai,itirmu,xatno,lo7o,kahari,sEre,fara,xarmo,e7a,ila,duNa7,sino,sifraN,guruNura,sai,isamo,de7e,gawa,ara,axasa,aga7,naharda,lo7a,seseX,ma7ai,taXanu,ala,lohi,toma,xera,0,XabEn,uma
KWADZA,AA,SOUTHERN_CUSHITIC,-1988,0,0,0,be7a,mbaa,hilako,tsumayi,ka7uko,daliko,tsa7unko,0,tseno,sa7uko,fala7eto,xalinko,wato,ilito,0,ihlikuko,ondalimo,kungulu7iya,tsa7amuko,0,dangalayito,wat,gal,kekem,gwa-gwa7,dah,aso,sasa7amo,ma7aya,tla7iko,xa7o,k7ilayiko,lingiyo-onko,baliko,0,ko7of,solongayo
NORMAL_MBUGU,AA,SOUTHERN_CUSHITIC,7000,mmi,we,uswi,mwe,iri-mbiri,mntu,samaki,iguro,ida,mit,ihuNo,zuna-zula,sakame,ivindi,lugunda,isikio,iziso-meso,mpua,ijenxo,lumi,ikuNkuro,kitumba,itombo,itima,nwa,vona-vwene,sikia,fwa,za,izuva,ntondo,mpombe-mazi,ibwe,moto,ndia,luNori-ikamba,kio,zuwa-izuwa,Sa,izina
PROTO_SOUTH_CUSHITIC,AA,SOUTHERN_CUSHITIC,-2,ani,ata,nana-nani,0,Lama,0,0,0,ita,xa-xa7,0,gon,sak,0,xad,0,ila,3d3Na,iLika,anda,g3l3,daba-m3g3,0,0,0,ar,0,0,dah,ac,0,ma7a,0,aLa,0,gipe,ama,0,ab,0
PROTO_WEST_RIFT,AA,SOUTHERN_CUSHITIC,-2,ana,ki-ku,hanta,wak,cada,hedi,siyo,gwihira-so7ay,itino-itidimo,xa7ino,lo-iya,fala,cede,fara,xadaNw,i7a,ila,uruNa-duNi7i,sihino-antlo,cufiraNw,gurugunda,daba,isaNw,da7aye,wah-kitah,ar,axas,gwa7-kaka,xaw,lala7o,cica-cicu,ma7ay,tla-tlano,asla,amo,tloma,amasi-piray,0,Xab,uma
ANGAS,AA,WEST_CHADIC,400000,Nan,xa,mun,gak,bap,0,mup,as,0,t3N,0,Sim,tom,gis,0,kom,it,g3z3N,as,lis,furm,sar,0,0,Se,ne,fot,mut,yi,pus,0,am,N3k,wus,ar,0,par,0,0,sim
ARABISHI,AA,WEST_CHADIC,27300,yeN,yeke,yemu,da,bi,ne,guna,k3re,0,naCi,g3Na,pata,jin,k3Si,koho,kuN,nan,ani,akuri,ariSiya,guyaN,nan,nono,duSiya,Sa,g3N,ji,mutu,jo,nana,k3N,ruwa,duni,wuta,turiCi,tudu,d3d3ri,Cika,Sabuwa,Seyi
BADE,AA,WEST_CHADIC,250000,n3-n3n,nagi-ya,gu-gun,gadi,s3r3n,ndi,suyu-v3nakau,ja,Cangar,d3m-waka,am3k3,3lv3k,t3d3m,awuk-silak,fuwak,gut,da,3stan,yan-C3Nna,m3rni-m3r5i,adakfu,ami,f3fau,anavau,sau,ikau,d3gu,mtu,dawau-nayi,afa,gusau,am3n,venyi-ve5i,aka,3bdam,venyi-ve5i,3dv3d,Cipa-kiLa,k3la,wud
BEELE,AA,WEST_CHADIC,120,ina,keyi,mima,modi,bolo,mimo,Siro,ade,0,0,0,0,dom,0,0,kumo,ido,unti,0,yili,0,0,0,0,he,mo,0,motu,nduN,kara,0,ama,0,uhi,0,0,0,0,0,hinti
BOGHOM,AA,WEST_CHADIC,50000,0,0,0,n3m3n,rap,mar3m,C3r3p,n3N-53N,0,nasi-5asi,w3n3r,kar,piroN,g3N3l,no-5o,k3m,yir,nis3N-5is3N,S3N3l,neL-5eL,kamurum,0,nun,mal,siye,ke,kume,m3se,m3ne,tal,ngaL,yip,g3Si,wut,n3dap,pet,hut,0,pele,wus3m
BOLE,AA,WEST_CHADIC,100000,in,ka,mu,modi,bdo,memu,kiro,kuti,j3N3ri,Soiwi,owu,iSi,domi,us3ki,bolu,kumi,idi,winu,3do,lisi,burn,sara-sa,w3di,rubuso,sa,isi,isi,mutu-motu,diNo,futi,jEna,3ma,daniguSu,w3si,gogo,guS3w-guoS3w,bodi,Nomani-Nomu,poyo,siko
BOLE_2,AA,WEST_CHADIC,100000,ina,kai,mimu,modi,bolo,memu,kirwo,kuti,j3Nk3ri,Soiwi,owu,iSi,domi,us3ki,bolu,kumi,idi,wintu,ido,lisi,burn,s3ra,w3di,rubusu,sa,in,kum,mutu,diNgo,futi,janja,3ma,guso,w3si,gogo,guoS3w,bodi,gamt-gunt,poyo,siNkwo
CIWOGAI,AA,WEST_CHADIC,2000,0,0,0,wuti,ra7a,0,hati,atuki,0,0,tag3,tal,tum,kekes3n,malame,0,aCe,t3nan,dine,sinkan,bombar3n,kan3,0,0,Sa,0,0,mosen,ba-to,sarafe,dila,zawe,ife,akwe,0,0,jubune,0,0,s3man
DASS_DWAT,AA,WEST_CHADIC,8830,0,0,0,num,rop,yam,gos,k3t,0,put,bakn,kur,buran,is,nve,kum,ir,NuzuN,Sin,NuL,g3muren,0,Nin,burLam,Lix,yeliy,wum,mus,cul,pedi,Z3giZ3k,Za,sum,utu,cup,de,vori,0,m3mur-m3muri,Sin
DERA,AA,WEST_CHADIC,20000,0,0,0,dumey,rap,mu,Suruwo,yEde,j3nk3t,Sowi,kumo,dimi,0,wiyin,bili,kumo,yEro,w3riN,wuro,yilik,birim,0,wori,ruo-ruwo,n3y,ali,k3Ni,muroni,dono,pori,nini,ga,amuguwat,w3ti,goko,guw3t,biri,0,pEni,yim
DIRI,AA,WEST_CHADIC,7200,0,0,0,0,r3bu,0,0,ada,0,0,0,0,vud3Zu,adusu,0,huma,ado,0,Siya,Sindu,gurta,0,yapu,0,Ca,hya,0,matu,mbu,fata,0,cuwaru,baya,akuwa,zugu,0,sam,0,mal,Sin
DUHWA,AA,WEST_CHADIC,800,yin,y3uh,yigan,handak,kataN-wul,bafal,3zawa,gira,cid,m3diT,alik,rew,izim,g3S,gEl,kumo,awinji,ati,agur,al3S,arumo,ra,TiTi,aci,d3ul,jaun,sal,m3t,da,jira,sanzirEk,ham,haS,woS,h3r,haS-kuduN,maf3d,kalak,ma,Sum
DYARIM,AA,WEST_CHADIC,400,Nam-aN3,ki-k3n,may-mu,nam,biLi,margu,gas3,kara,0,Nas3,dabo,korli,Caw3r-Cawr,mat3,Naw,k3m,yir,i83n-i8n,SEn,5Elum,goroN,go73,5ini,ra,La,0,wom,m3s,bit3,pit3,Cara,Za,p3s3,wut3,fidi,wub3,kavodi,0,0,0
FYER,AA,WEST_CHADIC,26100,yin,ho,kan,git,po,naf,pupwap,keN,0,yiyit,0,pur,rom,kes,waraN,humu,yuru,Sin,haNor,les,fuN,ya,fuf,vuvu,So,di,hali,mot,yel,vivat,wader,ham,yaN,man,vaN,balaN-ho,gen,0,mu,kusum
GALAMBU,AA,WEST_CHADIC,0,na,ka-Ti,muni,muryi,mal,mi,karba,irya,yonga,wala,gaya,Ngu,jama,wuSiN,bali,kuma,irya,wuzi,yizi,lim,bubur,sara,wuryi,tuzi,S,5y,kal,m3z,nw,pizi,zangiya,ama,gigai,wuSi,nuNa,Ngusi,b3ryi,Ngan,nahwe,Sim
GARAKU,AA,WEST_CHADIC,27300,eni,ek3,omu,da,bi,ne,guna,k3re,kuma,nasi,g3ya,pata,zini,k3Si,koho,kuni,nani,ani,akuri,ariSiya,guyam,nan,nano,ana,Sa,g3ni,zi,munu,zo,nana,k3m,ruwa,duni,wuta,turiki,tudu,d3d3ri,sisika,sabuwa,suna
GEJI,AA,WEST_CHADIC,6000,0,0,0,n3m,lop,maliN,kesi,kadi,k3likito,Lindi,da,kul,hul3N,isi,no,k3N,ge,iCiN,siN,lika,gahul3n,0,ni,maLi,Lawi,yeni,kumi,muSi,tuluwi,CiN,ka8il,ziye,ye,wutu,tanu,Linil,gasi,0,piyali,sin
GERA,AA,WEST_CHADIC,200000,0,0,0,moy,mulu,marimi,kirfa,yeda,toda,Saf3Na,ngemi,diSi,noma,w3nsini,biyena,kumi,yidi,wenini,w3Sa,delimsa,burmi,0,wi,tuSi,si,ni,k3li,mudu,nu,piSi,sasiNera,h3m3,giwi,wusi,geniki,ruda,biribi,0,0,sima
GERA_2,AA,WEST_CHADIC,200000,na,ka-Sa,muni,moyi,mulu,barmi,kerufa,yada,toda,waya,gaimi,diSi,noma,wans3ni,bena,kumi,idi,wunTini,waSa,delimsa,burmi,sara,wiyi,tuSi,se,ne,kal,mudu,ndu,piSi,sasangira,hama,giwi,wusi,gyandiki,ruda,birbi,Ngumti,karki,s3ma
GERUMA,AA,WEST_CHADIC,9030,na,ka-Si,munu,mo-mon,malu-maluN,mimi,karfa,ede,todoN,waya,dasaN,duTi,numa,okaSi,beyi,kuma,ida,umSi,oToN,limSi,burmuN,saraN-sarra,ywi7i,guma,Se,ne,kula,mut,NN,fiTTe,SeSerNa,amma,yuworo,uSi,nokko,yoro,bi7i,0,gutukuya,Simi
GITATA,AA,WEST_CHADIC,27300,ani,ax3,amu,da,bi,n3,guna,k3re,kakata,naci,N3ya,pata,j3n,k3Si,k3po,kun,nan,ani,akuri,ariSiya,guyaN,nan,n3no,ana,Sa,g3ni,ji,mutu,zo,nana,C3N,ruwa,d3ci,wuta,tiCi,tudu,d3d3ri,c3ka,sabo,suna
GOEMAI,AA,WEST_CHADIC,200000,0,0,0,mEy-mEi,v3l,gurum,S3r3p,as,n3m,Sip,yim,Sim,tim,3s,sogom,k3m,haSit,goN,hoL-hos,lis,f3r3m,0,yir,f3l3,suwa,na,k3l3N,mut,wul,p3s,SimSar,haN3de,p3n,wus,wokam,p3ng3fir,goN,0,p3,sim
GURUNTUM-MBAARU,AA,WEST_CHADIC,15000,yim,kau-kaN,kaN,Sak,rap,0,malaN,da,0,yaNsi,yasar,Nubi,baran,0,mau,kwaNsi,yiriN,0,0,5ala,van,a,wuru,0,sai,yu,kumi,m3si,wari,0,Sat3ri,ma,Sini,iSi7,0,ai,vuru,0,pali,siN
GWAGWA,AA,WEST_CHADIC,27300,ani,ak3,am,da,bi,ne,guna,k3re,korokota,naci,g3Na,fata,jini,k3si,kaho,kunni,nani,ani,akuri,ariSiya,guyam,nani,nono,ana,Sa,g3ni,ji,mutu,jo,nana,kemi,ruwa,duni,wuta,turiki,tudu,d3d3ri,CiCika,sabuwa,suna
HAUSA,AA,WEST_CHADIC,26929000,ni,kai-ki,mu-ni,daya,biyu,mutum,kifi,kare,karkata,itaTe-bishiya,ganye,fata,jini,kashi,kaho,kunne,ido,hanTi,hakori,harshe,giwa,hannu,nono-mama,hanta,sha,gani,ji,muti,zo-taho,rana,tauraro,ruwa,duse,wuta,hanya-turba,duse-babban,dare,Tikakke,sabo,suna
HAUSA_2,AA,WEST_CHADIC,26929000,ni,kai-ke,mu,daya,biyu,mutum,kifi,kare,kakata,itaTe,ganye,fata,jini,kashi,kaho,kunne,ido,hanTi,hakori,harshe,giwa,hannu,nono,hanta,sha,gani,ji,mutu,zo,rana,a,ruwa,dutse,wuta,hanya,dutse,dare,a,a,suna
HAUSA_3,AA,WEST_CHADIC,26929000,na,kai,mu,daya,biyu,mutum,kifi,kare,karkata,itaCe,ga5e,fata,jini,qaSi,kaho,kune,ido,nanCi,hakori,harSe,giwa,hanu,mama,hanta,Sa,gani,ji,mutu,zo,rana,tauraro,ruwa,duce,wuta,ha5a,duCe,dare,Cika,sabo,suna
JIMI,AA,WEST_CHADIC,1000,mi,ko-k3m,mu,nino,rwo,mur,sotum,yono,todo,diko-yono,l3g3d3m,kure,birom,gumlo,ronu,kuno,yoro,iSin,sin,loko,hurum,om,yolo,moso,hyok3l,yowil,kumil,miSi,r3go,huto,Ngoto,molo,s3m3n,uto,t3bo,turzum,borhudo,ihok3l,isobo,s3m
KANO,AA,WEST_CHADIC,26929000,ni,kay-ke,mu,daya,biyu,mutum,kifi,kare,karkata,itaCe,ga5e,fata,jini,kaSi,kaho,kunne,ido,hani,hakori,harSe,giwa,hannu,nono,hana,Sa,gani,ji,mutu,zo,rana,tawraro,ruwa,duse,wuta,hana,tudu,dare,Cikakke,sabo,suna
KAREKARE,AA,WEST_CHADIC,150000,0,0,0,w3di,belu,Na,Tar3fu,ada,jakar,ba,ara,irgi,dow3n,k3su,tum3ku,kum3w,ido,kantuN,wutu,lusuN,gum3w-berasuN,0,y3di,rubus3w,sa,na,k3la,me,nene,f3ti,dinen3w,3mu,bat3,esi,naru,g3wC3w,bedi,0,b3lam,suN
KARIYA,AA,WEST_CHADIC,2000,0,0,0,wuti,wa7a,sum,x3d3,i,0,0,tipi,tala,tum,kasu,par,kum,t3wi,tin,tin,Sinak3,xwurum,0,api,sey,sa,nah3,kuz,miya,b3-bu,afai,SaSuwa,abi,z3ki,aku,derahi,dai,d3v3n,0,marhuna,ng3n
KARSHI,AA,WEST_CHADIC,27300,eni,eke,emu,da,bi,ne,guna,kere,karakata,naCi,geNa,pata,jini,keSi,koho,kuni,nani,ani,akuri,ariSiya,guyamu,nani,nono,ana,Sa,geni,ji,mutu,jo,nana,kemi,ruwa,duni,wuta,turiki,tudu,dederi,CiCika,Sabuwa,Seyi-suna
KIRFI,AA,WEST_CHADIC,14000,na,ka-Ti,munnu,modi,malu,mimi,yomo,ere,karkatu,wele,ne7e,dada,name,woSanyi,0,kuma,iro,wuttiNi,iTTo,ilmiSi,0,Sara,wudi,tuti,Se,ne,kalu,muk,non,fiTTi,jene,amma,dunkumu,wuSi,noxonu,gikkini,budi,0,foyo,Simi
KOFYAR,AA,WEST_CHADIC,110000,an,g3-yi,m3,me,v3l,0,Terep,as,0,t3N,0,SiSik,tagam,es,0,kom,ayit,g3z3N,agas,lis,furum,sar,0,0,swa,na,k3leN,mut,wa,fus,0,am,paN,wus,war,0,l3par,0,0,sum
KULERE,AA,WEST_CHADIC,15600,yin,ya,yigan,ami,kataN,mafareyaw,kirif,gara,0,yiTaw,afafaw,0,zom,0,Nalaw,kurukum,rih,atenan-tanaw,ager,aluS,arom,0,0,0,nal-rob,riyan,sel,mot,bo,0,sisiri,am,0,0,araw,got,ma-ofod,0,0,asim
KWAAMI,AA,WEST_CHADIC,10000,ni-ne,ke-shi,min,muni,polow-folow,fe,Surbe,yede,jankari,0,fugidi,0,tomi,0,0,kumo,ido,uSin,Sobi,daga,purum,ara,wudi,orodo,eji,0,0,mudan,wotu,puCi,ane,ami,oka,wi,popalan,oka,padi,0,foyo,imi
MBURKU,AA,WEST_CHADIC,12000,0,0,0,wut3,c3r,bargi,gwacar,diya,0,0,tipu,0,p3raN,kakas3,mal3n,kuma,tiranhu,taNhu,tino,Sinako,wirin,k3mo,pihu,se,si-sa,nax,d3k3,miy,bu-tu,muk,SaSuwi,bi,z3ki,kuwa,deri,deyi,0,0,divim,Sin
MISHIP,AA,WEST_CHADIC,6000,0,0,0,me,v3l,gurum,SErEp,3s,n3m,tiN,komtiN,Sim,tik3m,Es,sokom,kom,yit,goN,3g3s,lis,f3r3m,0,yukur,f3lok,Su,na,k3l3N,mut,wul,pus,z3r,3m,p3N,wus,yar,p3N,l3par,0,wupo,s3m
MIYA,AA,WEST_CHADIC,30000,0,0,0,wutin,cir,s3m,g3di,0,0,d3m,Lipi,pe8Er,p3r3m,kusi,3p3r,kum3y,Eti,Etim,tiyim,Sinak3n,wur3m,0,Epi,s3y,sa,ne,dik3y,mit3,b3t3su,muku,3SuwoSu,3bi,z3ki,3ku,dEr3,d3y,C3mazi,0,0,ng3m
MONTOL,AA,WEST_CHADIC,21900,pan,0,muen,0,0,0,Siep,as,0,Sip,0,gobSim,Sim,dis,bulu,kom,hasyit,kusuN,wers,0,fim,sai,0,0,yuai,0,kiel,mud,kop,pos,zai,pam,paN,us,ye,0,pai,0,pug,il
MUNDAT,AA,WEST_CHADIC,1000,yi,yil,gal,ham,wul,bafala,goSe,g3ra,0,yiT,afika,fukut,anzom,ag3S,Nelek,kumuy,adiri,atuli,aguri,aliSi,arumuy,arug,TiTi,hatat,No,may,salay,mot,Na,fat,denirek,ham,haS,wuS,hari,taN3T,mafod,ususumgaN,ma,aSum
MUPUN,AA,WEST_CHADIC,295000,0,wi-wa,0,m3ndoN,v3l,gwar-Nwe-Nu-gur-gurum,pupwap,as,0,t3N,komt3N,sim,tom,dies,som,kom,yit,p3z3n,os,l3s,furum,sar,wur,nki,siwa,na,kl3N-k3l3N,mut,ji,pus,zar,am,lar-Nh3k-3k-N3k-per,wus,ar-are,zul,par,myar-muol,mzew-mpuo-puo,s3m
MWAGHAVUL,AA,WEST_CHADIC,295000,0,0,0,mindoN,ful,kurum,pupap,as,siyem-nsiyem,yoxom,kome,Sim,toxom,des-diyes,soxom,kom,yit,p3guziN,axas,lis,kufurum,0,wur,tine,Suwa,na,k3liN,mut,Ci,pus,sar,am,xik,wus,ar,Ciw3k,par,0,po-dipo,sum
NGAMO,AA,WEST_CHADIC,60000,0,0,0,modi,bolo,No,k3ruwo,ada,jaNar,gale,dafo,diSi,dom,woso,baluhu,kuma,ida,wuni,wudo,lino,buru,0,yEdi,fupso,sat,moy,k3l,matin,nin,foti,j3na,ham,goSo,yEsi,bila-d3be,goSo,bEdi,0,foyo,sun
NGIZIM,AA,WEST_CHADIC,80000,iy3,Ti,0,gayi-kiden,Sirin,n3n,v3nakau,ja,jankar,waka,awai,r3v3k,d3dem,awuk,fuwak,agud,da,t3n,yanau,mar5i,kufu,aikak,a5i,g3Si,sau,ikau-launu,k3mau,m3tu,deu-nai,afa,g3Zaw,am,kaTar,aka,d3lpu-d3vu,guguyak,d3vid,niyu-Tikatu,karara,Lugun
NIMBIA,AA,WEST_CHADIC,27300,ani,ako,amu,da,bi,m3se,guno,k3re,kuma,bin,geN,pato,jani,k3Si,kobo,kunni-kuni,nar,ani,akuri,ariSiy3,kewuya,nani,nono,azur,sa,ge,ji,mutu,zo,rara,kem3,r3bxi,paN,wuto,t3rgi,cen3,d3d3ri,Cig3,habo,huwa
PAANCI,AA,WEST_CHADIC,8000,am3n,ahu-ah3n,ami,waTi,Tir-Tiru,marin,Tala-lulu,walawala-yara,0,bama,l3k3ti-Luk3ti,tala,atin,k3siki,purk3ti,huma,ata,at3n,0,sini,b3rmi,daken-k3man,api,sana,sa,han,nuku,miya,dava,fei,SeSuwa-lugubara,amii,z3giya,pana,L3rki,yei,si,hangohango,marhan-marhi,s3m-sun
PERO,AA,WEST_CHADIC,25000,0,0,0,dok,pElEyo,nin3-ni53,Cirip,bai,koromo,fuo7,alaw,kada,tum,w383k,baxa,kumo7,ano7,woCin,wudo,dak,furum,0,widi,r3Co,ZE,wE,xun,muru,vona,foriy,p383l-timilim,am,fani,wuji,kokojimude,kuley,yipu,0,fe-Cimo3,Como
PERO_2,AA,WEST_CHADIC,25000,ne-ni,kai-ke-ka-Ti,minu-mini,dok,below,niye,Tirip,bay,0,puro,alau-kollam-kulam,kadaTik,tom,waTak,kpaka,kumo,ando-do,wiTTin,wudo,dak,purum,0,wudi,roTTo,To,wa,0,mutu,Tiwru,pori,paTal-timbilim,am,0,wuTi,0,pandi-kulle,yippa,0,poyo,Tombo
POLCI_BULI,AA,WEST_CHADIC,22000,0,0,0,n3m,rowa,m3n,kas,yer,korgudo,kin3,wal,kur,b3ram,gul,yu,kum,ir,iSin,Sin,nali,gaf3n,0,nin-5in,m3L,S3w,Sinu,kumu,muSu,waru,pit,ngaL,mal,t3t,ut,dan3,t3t,ngasi,0,pele,s3m
POLCI_ZUL,AA,WEST_CHADIC,22000,0,0,0,num,rop,bmar3me,k3se,yEre,0,kini,w3li,kuri,burani,gulE,no-5o,kumE,gEre,iC3ne,Sine,l3ka,gamurumi,0,nini-5ini,maLi,La,Sini,kumi,muSi,diri,putE,z3gese,male,tate,wutu,tupe,Lundure,g3si,0,pEli,suyE
POLCI,AA,WEST_CHADIC,22000,am,ki,mi,n3m-b3ga,rop,mam,gesi,yar,karkata,p3t,wal,kur,buran-b3ran,golo,me,k3m,yir,cin-Cin,Sen,nat-5at,gam-kitk3n,am,nen,mat,te,yen,wom,m3s-m3si,rit,pidi,taN3t3,ma,tat,wutu,tsop-cop,goN-baN,vor,k3mi,m3ri,0
RON_BOKKOS,AA,WEST_CHADIC,176000,yin,ha,kan,anek,apil,adeN-madufal,guSe,kara,bele,yit,mal,fukut,waS,kas,Sam,mal,Sit,atin,aNur,alis,faran,ra,fof,taSaS,wo,diNi,hali,mot,yes,be,bar,ham,afuN,man,fo,aNaS,fo,ha-kalak,ma,sum
RON_DAFFO_BUTURA,AA,WEST_CHADIC,176000,yin,ha,Tan,daNat,fulal,naf-madafal,guSe,Tira,taday,mer-jak,kabal,fukut,waS,kas,Som,ham,dir,tin,Nur,lis,ga,ra,vaS-fof,Nor,So,fitay,halay,mot,yes,ren-be,noret,ham,hayi,man,mater,Na,fulul,ma,ma,sum
RON_MANGAR,AA,WEST_CHADIC,176000,yin,ya,yan,ham,lat,naf,guSe,fufe,0,iyit,baN,bon,nom,3kaN,sukum,pEl,yiw,cin,Nu,lis,Num,hak,fof,0,bo,suni,sEl,mot,bali,bici,s3nz3r3k,ham,h3yi,man,0,huyi,muTufun,0,ma,sumajiwa
RON_MONGUNA,AA,WEST_CHADIC,176000,yin,ya,na,ham,wul,naf-madafal,goSe,kabi,ti,awitaw-awur,hu7aS,raw,inom,NiSaw,nel,kume,yiri,atin,agiraw,ales,arum,jol,fof,nin,del,ral,hal,mot,kan,fat,Sinjore,ayin,ayi,man,tar,aram,mafo,ma,hoy,sum
SAYA,AA,WEST_CHADIC,300000,0,0,0,n3b3N,muLuN,0,gas,k3di,sur,Nan,gas,lat,v3raN,m3t,0,kun,yur,nicuN-5icuN,S3n,risu,g3m3r3m,0,nin-5in,w3tka,3m,y3li,mum,miSi,m3di,fut,Car,Za,puwus,wut,tub-dutub,wur,kavit,0,muri,sun
SHA,AA,WEST_CHADIC,3000,yin,yah,gan,ham,0,0,gaSe,fifi,0,yiTaw,0,fukut,zom,giS,gilu,kum,yafay,ato,agauaw,al3s,sidu,fagaw,fof,0,del,may,salay,mot,bol,0,agenagen,ham,aya,man,fagil,wafay,mafo,0,0,ayin
SIRI,AA,WEST_CHADIC,0,0,0,0,wuti,b3Car,subuni,k3rfi,k3d3ri,0,0,tapi,bakala,p3rami,0,0,kunta,ita,0,cina,s3naki,x3rma,kanta,ipi,Siyi,sa,ngulu,d3hiwi,miyu,ta-taba,0,susuwi,ibi,kayi,kuwi,0,0,xirt3ni,0,murun3si,0
TAMBAS,AA,WEST_CHADIC,3000,0,0,0,yo,po,0,pupap,namvu,0,yiyit,kom,ref,rum,kres,0,humwaN,yer,kin,haNi,les,kukat,tafa,fuf,fus,So,gini,0,0,le,fat,tuwe,ham,0,0,folok,dur,fot,0,0,0
TANGALE,AA,WEST_CHADIC,200000,0,0,0,dok,rap,mu,wolok,b3y,SaNur,fito,wobok,kaloik,tom,wus,bol,te,ido,wiSin,wudo,daga,fofurum,0,widi,robo,yek,me,kum,toje,wana,fisi,luwin,am-ham,fani,wi,woko,fani,sum,0,lara,sumo
TESHENAWA,AA,WEST_CHADIC,-1,0,0,0,gadaiwo-gadayu,sirin,mudin,bunan,San-Cayin,0,timai-tamin,begundi,0,kugan-kurman,0,0,gutduwan-gutuwan,taiyi-tan,tinin,yanin,begum,baCinidal,amun-amin,kisabanu,0,0,0,0,0,0,nawhan,tirai,0,giniyan-binin,akai-akan,fudaui-fadamin,ursin,tubidin,0,0,San-asamadin
WARJI,AA,WEST_CHADIC,77700,mi-ma,ki-ka,mi-ma,wuti,m3L3N-ra7a,warji,x3dai,iyana,0,dinai,dinai-pac3,0,t3na,kasuna,parai,kumai,Ciyai,Cina,C3x3nai,SiNk3na,wurmuna-xurmuna,0,pina,Canh3na-sayai,sa,nah,kuz,miy,buw,caN,SuSuwai,cuwara,pus-zikiyai,k3wai-wud,jarh3na,dayina,Camazana,0,marhu,N3nai
YIWOM,AA,WEST_CHADIC,14100,arun,0,mok,0,0,0,kirup,rad,0,Sip,0,gobSim,luluk,rus,bil,bem,laid,iduN,res,0,furum,tis,0,0,fien,0,kalmok,mud,geda,bis,darkir,ram,yane,aus,der,0,piru,0,aki,atum
ZUMBUN,AA,WEST_CHADIC,2000,0,0,0,wuti,Sir,wudir,awuda,ili,0,0,aluhu,0,b3rama,k3kasi,muwi,kuma,ida,it3n,dina,s3nak3laN,vurmu,kan,ifi,sala,0,gul,0,mul,bo-du,muk,sasuwa,imbi,daya,akwa,daru,daya,0,0,0,su
